Model_ID,Density_Factor,Height_m,People_Thousands,WLC_MtCO2e,Land_Area_km2,People_class,NDLR_WLC,NDHR_WLC,DLR_WLC,DHR_WLC,HOUSE_WLC,NDLR_Count,NDHR_Count,DLR_Count,DHR_Count,HOUSE_Count
509,23.88,31.68,20,1.9,0.34,20k,0.2,0.0,0.7,1.0,0.0,13,0,95,34,3
817,27.05,44.25,20,2.3,0.26,20k,0.4,0.2,0.4,1.3,0.0,14,3,46,38,4
330,34.96,28.44,20,2.4,0.32,20k,0.7,0.0,0.6,1.0,0.1,29,0,61,32,10
607,29.22,36.09,20,2.5,0.32,20k,0.3,0.5,0.4,1.2,0.1,17,5,54,36,12
709,29.66,38.77,20,2.5,0.27,20k,0.3,0.6,0.4,1.2,0.0,17,4,58,37,6
304,41.2,27.56,20,2.5,0.31,20k,0.7,0.2,0.6,1.0,0.1,41,3,73,33,15
210,25.49,24.31,20,2.6,0.51,20k,0.5,0.4,0.9,0.7,0.1,20,5,130,24,8
119,27,21.23,20,2.6,0.58,20k,0.4,0.5,1.2,0.4,0.1,16,7,165,16,12
508,27.86,35.56,20,2.6,0.32,20k,0.5,0.4,0.5,1.2,0.0,26,4,61,36,4
117,31.05,21.05,20,2.6,0.55,20k,0.7,0.3,1.0,0.5,0.2,32,4,139,20,24
520,31.38,40.35,20,2.6,0.25,20k,0.3,0.6,0.3,1.4,0.0,14,7,36,40,2
220,24.52,23.88,20,2.7,0.61,20k,0.3,0.7,0.9,0.6,0.2,19,5,113,22,23
9,25.84,17.54,20,2.7,0.80,20k,0.3,0.8,1.3,0.1,0.3,17,7,210,4,34
507,30.71,35.81,20,2.7,0.31,20k,0.4,0.7,0.4,1.2,0.1,19,6,60,39,9
517,22.35,32.07,20,2.8,0.49,20k,0.4,0.7,0.7,0.9,0.1,13,6,96,34,12
310,32.8,29.47,20,2.8,0.35,20k,0.6,0.5,0.6,1.0,0.1,24,4,84,31,6
129,25.5,22.22,20,2.9,0.67,20k,0.6,0.6,1.1,0.4,0.1,21,8,129,19,17
718,29.99,44.89,20,2.9,0.25,20k,0.3,0.8,0.3,1.4,0.0,16,7,39,36,6
529,28.75,32.28,20,2.9,0.41,20k,0.6,0.6,0.6,1.0,0.1,19,6,67,34,15
230,25.45,23.99,20,2.9,0.63,20k,0.5,0.7,1.1,0.4,0.1,18,9,137,18,17
208,26.17,23.81,20,2.9,0.57,20k,0.4,0.8,1.1,0.6,0.1,22,9,160,21,10
107,27.7,20.67,20,2.9,0.66,20k,0.6,0.7,1.2,0.3,0.2,29,6,164,13,22
309,35.7,29.07,20,2.9,0.33,20k,0.4,0.8,0.7,0.9,0.1,23,8,99,32,6
708,25.69,42.16,20,3.0,0.33,20k,0.4,0.9,0.4,1.2,0.0,19,9,57,39,4
828,31.44,44.47,20,3.0,0.30,20k,0.3,1.0,0.3,1.3,0.1,13,8,29,37,18
904,31.05,52.08,20,3.0,0.21,20k,0.4,0.9,0.2,1.5,0.0,17,7,28,34,1
706,29.84,41.47,20,3.0,0.31,20k,0.4,0.9,0.5,1.2,0.1,19,8,52,40,7
909,27.15,50.37,20,3.1,0.27,20k,0.4,1.0,0.2,1.5,0.0,13,6,25,43,5
409,27.42,31.69,20,3.1,0.43,20k,0.8,0.5,0.5,1.1,0.1,37,5,69,38,6
402,39.92,31.07,20,3.1,0.31,20k,0.6,0.8,0.5,1.1,0.1,30,7,73,36,13
720,31.03,48.31,20,3.1,0.25,20k,0.2,1.1,0.3,1.4,0.1,10,11,30,37,7
703,37.27,44.69,20,3.1,0.23,20k,0.2,1.2,0.3,1.3,0.0,12,12,41,41,7
407,33.8,31.39,20,3.1,0.35,20k,0.6,0.8,0.6,1.1,0.1,30,7,71,29,9
916,29.05,49.31,20,3.1,0.28,20k,0.2,1.2,0.2,1.4,0.1,11,9,29,35,9
819,27.87,49.48,20,3.1,0.27,20k,0.2,1.3,0.3,1.3,0.0,9,13,42,37,3
320,30.01,26.32,20,3.2,0.51,20k,0.7,0.8,0.9,0.6,0.1,26,9,109,21,15
305,40.22,28.24,20,3.2,0.35,20k,1.2,0.3,0.6,1.0,0.1,54,3,82,35,8
608,30.91,40.25,20,3.2,0.32,20k,0.3,1.2,0.4,1.2,0.1,13,11,57,35,10
809,30.22,48.13,20,3.2,0.26,20k,0.4,1.1,0.3,1.3,0.0,19,9,42,36,4
504,29.44,33.53,20,3.2,0.42,20k,0.7,0.9,0.6,0.9,0.1,27,7,85,40,14
440,23.27,30.57,20,3.2,0.58,20k,0.6,0.9,0.5,1.1,0.1,26,10,57,28,18
707,33.33,43.78,20,3.2,0.25,20k,0.6,1.0,0.4,1.3,0.0,23,8,54,34,3
218,28.16,23.33,20,3.3,0.64,20k,0.6,1.0,1.1,0.4,0.2,27,12,148,15,19
810,28.3,50.71,20,3.3,0.25,20k,0.1,1.4,0.3,1.4,0.0,7,9,36,35,2
239,23.69,26.65,20,3.3,0.65,20k,0.6,1.0,0.7,0.8,0.1,23,8,78,25,16
617,27.3,42.3,20,3.3,0.34,20k,0.2,1.4,0.3,1.3,0.1,10,11,38,39,6
527,34.42,42.12,20,3.3,0.30,20k,0.6,1.1,0.3,1.3,0.1,17,9,32,36,9
606,30.88,44.47,20,3.3,0.27,20k,0.2,1.4,0.4,1.3,0.0,12,12,51,36,5
915,33.06,55.54,20,3.3,0.22,20k,0.3,1.4,0.2,1.5,0.0,13,12,21,41,5
512,40.96,37.98,20,3.3,0.26,20k,0.5,1.1,0.4,1.3,0.1,22,10,41,34,8
7,35.14,18.66,20,3.4,0.64,20k,0.9,0.8,1.3,0.2,0.2,54,9,205,7,24
807,29.54,43.65,20,3.4,0.30,20k,0.2,1.4,0.6,1.1,0.1,13,12,75,30,7
630,23.09,34.4,20,3.4,0.53,20k,0.2,1.4,0.8,0.8,0.1,9,11,93,30,19
719,29.75,45.64,20,3.4,0.28,20k,0.4,1.3,0.5,1.2,0.0,20,11,54,30,2
728,26.3,45.9,20,3.4,0.34,20k,0.6,1.2,0.3,1.3,0.0,21,6,37,46,7
109,38.48,21.22,20,3.4,0.51,20k,0.9,0.9,1.1,0.5,0.2,47,6,142,18,20
417,35.91,30.29,20,3.4,0.39,20k,0.7,1.1,0.5,1.1,0.1,36,10,61,34,20
835,21.99,46.41,20,3.4,0.41,20k,0.3,1.4,0.3,1.3,0.1,11,7,27,38,12
710,34.25,40.03,20,3.4,0.30,20k,0.3,1.5,0.5,1.1,0.1,14,11,63,33,13
605,33.85,41.98,20,3.4,0.29,20k,0.4,1.3,0.4,1.3,0.1,22,9,41,41,8
609,30.34,40.04,20,3.4,0.31,20k,0.4,1.3,0.4,1.2,0.0,18,9,75,40,5
610,28.53,39.22,20,3.5,0.36,20k,0.4,1.3,0.5,1.1,0.0,18,14,70,36,5
806,35.1,46.98,20,3.5,0.24,20k,0.4,1.4,0.5,1.2,0.0,17,11,51,35,3
503,40.29,39.11,20,3.5,0.24,20k,0.4,1.4,0.4,1.3,0.0,21,10,54,38,5
906,36.34,51.45,20,3.5,0.22,20k,0.2,1.6,0.4,1.3,0.0,11,11,37,34,5
704,40.42,39.68,20,3.5,0.25,20k,0.4,1.4,0.5,1.1,0.1,23,7,56,32,12
419,34.35,32.61,20,3.5,0.36,20k,0.4,1.4,0.5,1.1,0.1,20,12,66,32,13
28,29.35,20.12,20,3.5,0.72,20k,0.5,1.4,1.2,0.3,0.2,24,12,161,12,29
920,34.37,51.94,20,3.5,0.23,20k,0.3,1.5,0.3,1.4,0.0,13,11,36,38,5
716,34.05,41.58,20,3.5,0.31,20k,0.5,1.3,0.5,1.2,0.1,19,12,56,34,6
228,26.35,23.56,20,3.5,0.68,20k,0.7,1.2,0.9,0.7,0.2,32,14,122,19,21
408,32.26,32.2,20,3.5,0.40,20k,0.7,1.2,0.6,1.0,0.1,34,12,83,31,8
919,26.97,52.28,20,3.6,0.32,20k,0.2,1.6,0.3,1.4,0.1,10,14,29,40,9
105,35.02,20.05,20,3.6,0.61,20k,1.0,0.8,1.4,0.2,0.1,62,9,186,7,14
627,30.48,50.64,20,3.6,0.28,20k,0.1,1.8,0.2,1.4,0.0,5,15,24,37,5
4,40.31,19.28,20,3.6,0.55,20k,0.9,1.0,1.2,0.3,0.1,64,11,185,11,18
516,33.53,37.12,20,3.6,0.35,20k,0.9,1.0,0.4,1.2,0.0,33,10,57,36,6
326,30.63,28.09,20,3.6,0.55,20k,1.0,0.9,0.6,0.9,0.2,42,9,72,31,23
730,30.19,50.21,20,3.6,0.30,20k,0.3,1.6,0.2,1.4,0.1,13,12,23,34,9
818,28.93,44.73,20,3.7,0.33,20k,0.6,1.4,0.5,1.2,0.0,25,12,56,38,6
412,44.59,34.79,20,3.7,0.28,20k,0.8,1.2,0.4,1.2,0.1,34,12,61,35,8
628,34.97,47.43,20,3.7,0.25,20k,0.2,1.8,0.2,1.4,0.1,7,11,26,37,7
490,21.21,35.36,20,3.7,0.70,20k,0.3,1.7,0.2,1.2,0.3,8,12,14,31,35
601,45.95,40.8,20,3.7,0.22,20k,0.5,1.5,0.3,1.3,0.1,25,10,40,37,8
139,28.32,21.58,20,3.7,0.83,20k,0.5,1.5,0.9,0.3,0.4,25,14,102,11,54
705,35.14,43.16,20,3.7,0.27,20k,0.4,1.7,0.5,1.2,0.0,20,11,60,35,3
307,32.98,26.86,20,3.8,0.49,20k,1.0,1.0,0.7,0.9,0.1,51,10,105,29,7
750,21.73,54.47,20,3.8,0.41,20k,0.1,2.0,0.2,1.4,0.1,2,17,18,45,10
929,30.2,57.79,20,3.8,0.25,20k,0.2,1.9,0.4,1.3,0.0,10,15,29,35,2
967,28.03,54.49,20,3.8,0.36,20k,0.4,1.7,0.1,1.5,0.2,11,15,6,31,14
930,27.3,48.01,20,3.8,0.36,20k,0.6,1.5,0.5,1.2,0.1,22,13,42,32,9
540,31.73,40.7,20,3.8,0.39,20k,0.5,1.6,0.3,1.2,0.1,18,17,33,36,14
539,31.51,38.1,20,3.8,0.40,20k,0.6,1.5,0.4,1.2,0.1,25,12,34,35,15
534,29.16,38.51,20,3.8,0.42,20k,0.6,1.5,0.4,1.2,0.1,27,12,41,37,9
418,33.55,33.88,20,3.8,0.39,20k,0.4,1.7,0.5,1.1,0.1,19,10,66,35,13
613,39.57,41.26,20,3.8,0.28,20k,0.7,1.5,0.3,1.3,0.1,26,11,40,37,7
426,35.19,34.91,20,3.8,0.37,20k,0.8,1.4,0.3,1.3,0.1,33,12,41,39,12
830,30.82,47.19,20,3.9,0.33,20k,0.3,1.9,0.4,1.2,0.1,12,14,38,35,10
536,34.48,41.93,20,3.9,0.32,20k,0.6,1.5,0.2,1.4,0.1,21,15,27,33,8
907,32.87,49.8,20,3.9,0.27,20k,0.4,1.7,0.4,1.3,0.0,15,13,50,39,6
308,36.8,27.29,20,3.9,0.45,20k,1.1,1.1,0.8,0.8,0.1,51,8,103,27,13
815,36.38,46.09,20,3.9,0.26,20k,0.4,1.8,0.3,1.3,0.1,19,11,40,32,10
318,35.28,30.63,20,3.9,0.44,20k,0.8,1.4,0.6,1.0,0.1,34,15,67,35,14
450,21.62,29.89,20,3.9,0.81,20k,0.8,1.3,0.5,0.9,0.2,27,13,54,33,30
110,36.85,21.83,20,3.9,0.56,20k,0.9,1.4,1.0,0.6,0.2,46,13,155,22,20
629,29.67,45.41,20,3.9,0.33,20k,0.3,1.9,0.4,1.3,0.1,9,14,44,36,8
811,37.99,47.16,20,3.9,0.25,20k,0.5,1.7,0.4,1.2,0.0,20,14,42,31,4
506,35.93,37.19,20,3.9,0.32,20k,0.5,1.7,0.5,1.2,0.1,26,13,66,33,7
10,35.01,18.08,20,3.9,0.73,20k,0.8,1.5,1.3,0.0,0.3,54,12,214,2,38
910,28.54,53.4,20,3.9,0.28,20k,0.2,2.1,0.3,1.4,0.0,9,15,36,38,5
658,19.59,43.8,20,3.9,0.57,20k,0.5,1.7,0.3,1.3,0.1,20,13,28,39,11
523,37.5,39.35,20,4.0,0.34,20k,0.6,1.7,0.4,1.2,0.1,28,16,41,35,12
927,27.51,51.66,20,4.0,0.34,20k,0.2,2.1,0.3,1.3,0.1,8,15,32,34,11
519,26.79,36.7,20,4.0,0.47,20k,0.6,1.6,0.6,1.0,0.1,25,18,86,35,7
901,36.39,50.31,20,4.0,0.25,20k,0.4,1.9,0.3,1.3,0.1,22,16,43,37,7
502,49.31,32.12,20,4.0,0.30,20k,1.0,1.3,0.7,0.9,0.1,50,11,96,25,12
805,35.05,42.41,20,4.1,0.35,20k,0.5,1.9,0.4,1.1,0.2,19,14,53,35,20
319,34.09,26.16,20,4.1,0.56,20k,1.2,1.2,0.7,0.8,0.1,52,14,98,31,21
429,31.96,36.12,20,4.1,0.42,20k,0.6,1.8,0.4,1.2,0.1,26,14,44,33,11
19,35.81,20.33,20,4.1,0.66,20k,0.9,1.5,1.0,0.4,0.2,46,14,145,14,30
413,41.39,34.42,20,4.1,0.30,20k,0.8,1.7,0.5,1.2,0.1,36,12,61,29,7
530,26.81,36.06,20,4.1,0.51,20k,0.5,1.9,0.6,1.0,0.1,21,15,71,35,15
27,39.28,21.17,20,4.1,0.62,20k,1.0,1.4,0.8,0.6,0.3,55,14,104,19,33
725,31.91,49.65,20,4.1,0.30,20k,0.2,2.2,0.3,1.4,0.1,10,17,32,37,7
149,29.58,23.16,20,4.1,0.77,20k,1.0,1.5,1.0,0.5,0.2,46,16,104,14,25
639,22.67,40.16,20,4.1,0.56,20k,0.4,2.0,0.5,1.0,0.1,17,13,50,35,12
918,28.97,48.69,20,4.1,0.32,20k,0.3,2.1,0.4,1.3,0.0,16,14,51,33,5
103,41.44,21.76,20,4.1,0.52,20k,1.3,1.1,1.0,0.6,0.1,70,14,153,20,13
303,47.83,27.6,20,4.1,0.37,20k,1.5,1.0,0.7,0.9,0.1,71,10,92,30,13
717,36.79,43.39,20,4.1,0.29,20k,0.7,1.8,0.5,1.2,0.0,27,13,58,37,5
820,31.42,47.13,20,4.2,0.34,20k,0.3,2.1,0.5,1.2,0.1,16,17,45,37,10
405,39.47,30.11,20,4.2,0.41,20k,0.8,1.7,0.7,0.8,0.1,41,14,96,29,15
510,50.36,38.35,20,4.2,0.23,20k,0.5,2.0,0.5,1.2,0.0,29,16,67,33,5
948,28.75,56.81,20,4.2,0.32,20k,0.2,2.3,0.2,1.4,0.1,8,16,20,33,12
808,31.56,49.44,20,4.2,0.31,20k,0.6,1.9,0.4,1.2,0.0,20,16,47,36,3
938,29.38,50.08,20,4.2,0.36,20k,0.4,2.1,0.3,1.3,0.1,15,14,27,37,13
301,43.34,27.48,20,4.2,0.43,20k,1.6,0.9,0.8,0.8,0.1,79,9,98,33,12
40,33.43,20.27,20,4.2,0.79,20k,1.0,1.5,1.1,0.2,0.4,50,18,129,10,46
6,40.5,18.11,20,4.2,0.71,20k,1.3,1.3,1.3,0.0,0.3,59,15,208,2,44
415,41.11,32.29,20,4.2,0.36,20k,0.9,1.6,0.5,1.1,0.1,40,15,72,30,7
315,32.8,28.16,20,4.2,0.53,20k,0.9,1.7,0.8,0.8,0.1,41,16,104,27,17
905,32.43,47.03,20,4.2,0.32,20k,0.5,2.1,0.5,1.1,0.1,17,13,57,32,12
202,49.31,24.38,20,4.2,0.41,20k,1.6,0.9,0.9,0.7,0.1,80,10,131,23,12
203,41.31,26.61,20,4.2,0.44,20k,1.1,1.4,0.7,0.8,0.1,54,14,102,25,16
803,40.73,44.04,20,4.2,0.27,20k,0.7,1.9,0.4,1.2,0.1,34,12,48,35,7
925,31.82,54.6,20,4.2,0.29,20k,0.3,2.3,0.3,1.4,0.1,10,15,26,34,9
116,41.21,22.78,20,4.2,0.54,20k,1.1,1.5,1.0,0.5,0.1,58,16,137,19,18
816,31.79,50.44,20,4.3,0.31,20k,0.4,2.2,0.3,1.3,0.0,18,20,40,36,8
537,35.85,37.72,20,4.3,0.41,20k,0.9,1.7,0.3,1.2,0.2,33,15,33,34,19
514,32.88,36.17,20,4.3,0.43,20k,0.9,1.7,0.5,1.1,0.1,33,16,61,33,10
316,34.13,25.93,20,4.3,0.58,20k,1.3,1.3,1.0,0.5,0.1,59,13,128,23,16
538,33.14,38.75,20,4.3,0.41,20k,0.8,1.8,0.3,1.3,0.1,25,13,35,37,15
102,40.11,21.88,20,4.3,0.59,20k,1.3,1.3,1.0,0.5,0.2,71,18,152,21,24
410,36.62,29.72,20,4.3,0.45,20k,1.1,1.5,0.7,0.9,0.1,48,11,93,32,15
423,41.6,34.9,20,4.3,0.34,20k,0.9,1.7,0.5,1.2,0.1,40,17,51,35,8
660,25.51,46.07,20,4.3,0.45,20k,0.2,2.5,0.3,1.3,0.1,8,17,23,37,15
306,41.36,27.77,20,4.4,0.45,20k,1.4,1.3,0.7,0.9,0.1,58,16,108,32,13
404,38.5,30.35,20,4.4,0.44,20k,1.4,1.3,0.7,0.9,0.1,58,14,103,29,6
619,32.8,40.61,20,4.4,0.37,20k,0.5,2.2,0.5,1.2,0.0,22,19,63,36,6
615,33.26,43.39,20,4.4,0.35,20k,0.5,2.2,0.4,1.2,0.1,25,17,42,32,10
940,28.08,52.29,20,4.4,0.36,20k,0.3,2.4,0.3,1.3,0.1,13,16,25,35,11
908,32.46,49.95,20,4.4,0.30,20k,0.6,2.1,0.4,1.2,0.0,24,16,50,34,2
834,33.67,52.04,20,4.4,0.30,20k,0.3,2.5,0.3,1.3,0.1,10,18,26,32,8
614,37.29,42.07,20,4.4,0.32,20k,0.6,2.1,0.4,1.2,0.1,23,17,53,35,10
470,19.9,33.49,20,4.5,0.86,20k,0.6,2.2,0.3,1.1,0.3,21,15,27,30,32
518,48.48,39.38,20,4.5,0.27,20k,0.8,2.0,0.4,1.2,0.1,37,18,52,38,7
18,38.17,21.44,20,4.5,0.61,20k,1.1,1.7,0.9,0.6,0.2,54,15,141,18,20
406,35.85,30.53,20,4.5,0.48,20k,1.0,1.8,0.8,0.8,0.1,55,15,97,29,19
727,28.94,47.33,20,4.5,0.37,20k,0.4,2.3,0.3,1.3,0.1,21,16,37,38,7
3,39.15,21.28,20,4.5,0.62,20k,1.4,1.4,1.0,0.5,0.2,74,14,144,18,21
128,40.5,22.79,20,4.5,0.60,20k,1.2,1.6,1.1,0.4,0.2,61,22,116,15,27
425,37.8,31.74,20,4.5,0.46,20k,1.0,1.8,0.6,0.9,0.2,45,17,67,29,22
215,32.25,25.2,20,4.5,0.64,20k,1.0,1.8,1.0,0.5,0.2,41,15,132,17,19
420,30.33,30.9,20,4.5,0.57,20k,1.2,1.7,0.7,0.9,0.1,47,15,89,31,15
120,33.42,22.92,20,4.5,0.68,20k,0.9,2.0,1.1,0.3,0.2,44,20,147,13,26
824,30.12,53.78,20,4.5,0.34,20k,0.3,2.5,0.3,1.3,0.1,11,20,32,31,9
526,32.15,40.99,20,4.5,0.40,20k,0.4,2.5,0.3,1.3,0.1,12,19,43,33,10
827,30.98,47.47,20,4.5,0.36,20k,0.6,2.3,0.4,1.2,0.1,24,17,44,37,10
937,28.82,54.37,20,4.5,0.35,20k,0.4,2.5,0.2,1.4,0.1,16,22,25,38,7
802,39.28,48.38,20,4.6,0.29,20k,0.7,2.2,0.4,1.3,0.1,27,20,39,36,8
570,19.91,38.39,20,4.6,0.74,20k,0.3,2.6,0.4,1.1,0.2,12,16,29,31,29
403,42.34,31.88,20,4.6,0.37,20k,1.1,1.7,0.8,0.9,0.0,57,17,111,31,1
829,28.13,54.67,20,4.6,0.37,20k,0.4,2.5,0.1,1.5,0.1,19,21,17,40,9
446,29.07,34.74,20,4.6,0.59,20k,0.7,2.2,0.2,1.2,0.2,29,22,28,36,30
108,46.08,23.05,20,4.6,0.50,20k,1.4,1.6,0.9,0.6,0.1,80,17,141,18,17
8,45.12,20.02,20,4.6,0.56,20k,1.4,1.5,1.2,0.4,0.1,80,14,196,11,13
227,38.71,23.4,20,4.6,0.63,20k,1.1,1.8,1.0,0.3,0.3,53,17,120,14,36
14,40.64,20.36,20,4.6,0.66,20k,1.4,1.6,1.0,0.4,0.2,67,14,131,13,32
206,36.69,22.48,20,4.7,0.66,20k,1.2,1.8,1.2,0.3,0.2,61,17,168,14,24
38,34.6,22.36,20,4.7,0.70,20k,1.4,1.6,0.9,0.6,0.2,57,17,122,15,19
357,34.63,32.38,20,4.7,0.54,20k,0.9,2.1,0.4,1.0,0.2,31,17,38,29,29
701,45.36,48.03,20,4.7,0.22,20k,0.6,2.4,0.4,1.3,0.0,29,14,40,36,1
312,41.05,29.86,20,4.7,0.45,20k,1.4,1.6,0.6,1.0,0.1,66,16,74,31,11
16,37.37,20.81,20,4.7,0.66,20k,1.1,1.9,1.3,0.3,0.1,57,18,186,10,14
113,36.36,22.01,20,4.7,0.69,20k,1.2,1.8,1.2,0.2,0.2,59,18,157,10,27
137,28.45,24.6,20,4.7,0.80,20k,0.9,2.2,0.8,0.7,0.2,36,24,98,24,28
626,34.86,44.7,20,4.7,0.35,20k,0.4,2.5,0.3,1.3,0.1,20,16,33,40,13
416,39.72,32.26,20,4.7,0.42,20k,1.0,2.1,0.5,1.1,0.1,47,20,63,28,12
620,27.46,38.73,20,4.7,0.49,20k,0.6,2.4,0.5,1.1,0.1,22,18,64,41,13
328,37,27.92,20,4.7,0.57,20k,1.1,1.9,0.6,0.8,0.2,51,16,74,28,29
939,30.23,56.16,20,4.8,0.33,20k,0.5,2.6,0.2,1.4,0.1,16,20,27,34,7
127,36.17,22.52,20,4.8,0.69,20k,1.3,1.8,1.0,0.5,0.2,61,19,137,17,27
848,20.74,54.87,20,4.8,0.52,20k,0.4,2.6,0.2,1.4,0.1,14,19,16,37,12
528,30.62,40.01,20,4.8,0.46,20k,0.7,2.4,0.4,1.2,0.1,27,20,41,35,15
505,44.64,36.45,20,4.8,0.33,20k,1.0,2.1,0.6,1.0,0.1,50,17,77,35,6
840,24.38,54.31,20,4.8,0.42,20k,0.2,2.9,0.3,1.4,0.1,8,20,31,37,7
837,27.32,53.71,20,4.8,0.42,20k,0.7,2.4,0.3,1.4,0.1,24,20,25,45,10
130,36.69,23.04,20,4.8,0.68,20k,0.9,2.2,1.0,0.4,0.3,43,21,126,15,32
801,40.99,45.96,20,4.8,0.28,20k,0.7,2.5,0.6,1.1,0.0,31,21,69,31,2
211,45.13,23.81,20,4.8,0.50,20k,1.6,1.5,0.8,0.7,0.1,79,12,105,21,21
209,42.67,26.53,20,4.8,0.48,20k,1.6,1.6,0.7,0.9,0.1,76,14,109,26,10
302,42.78,26.1,20,4.8,0.50,20k,1.6,1.6,1.0,0.6,0.1,75,13,139,25,13
401,42.53,34.15,20,4.8,0.37,20k,1.1,2.1,0.5,1.1,0.1,49,17,69,35,11
934,30.4,59.27,20,4.8,0.34,20k,0.5,2.6,0.1,1.5,0.1,19,21,15,34,9
928,28.31,52.59,20,4.8,0.38,20k,0.4,2.8,0.3,1.3,0.1,15,16,32,38,12
20,33.37,21.46,20,4.9,0.74,20k,1.0,2.2,1.1,0.4,0.1,48,21,153,16,18
430,27.5,32.51,20,4.9,0.61,20k,0.9,2.3,0.7,0.9,0.1,41,16,78,33,11
525,36.45,38.38,20,4.9,0.41,20k,0.8,2.4,0.4,1.2,0.1,39,20,49,35,14
118,44.7,22.83,20,4.9,0.56,20k,1.4,1.8,0.9,0.6,0.2,72,17,130,20,27
140,34.09,25.56,20,4.9,0.63,20k,0.8,2.4,0.7,0.8,0.2,45,24,97,25,25
104,39.99,23.14,20,4.9,0.57,20k,1.1,2.1,1.1,0.5,0.1,65,21,174,16,15
359,22.79,29.39,20,5.0,0.90,20k,0.7,2.6,0.5,0.8,0.3,28,17,52,28,40
812,39.4,47.26,20,5.0,0.30,20k,0.6,2.6,0.5,1.2,0.1,25,20,51,33,8
205,42.1,25.03,20,5.0,0.54,20k,1.3,2.0,0.9,0.6,0.2,57,19,127,20,15
713,40.81,44.27,20,5.0,0.30,20k,0.7,2.6,0.3,1.3,0.1,29,15,36,34,11
1,43.09,20.13,21,5.0,0.64,20k,1.5,1.8,1.2,0.4,0.2,80,18,195,15,19
414,38.97,30.56,20,5.0,0.48,20k,1.2,2.2,0.7,0.9,0.1,52,19,90,28,17
965,28.44,53.74,20,5.0,0.44,20k,0.3,3.0,0.1,1.4,0.2,12,23,12,31,20
207,42.68,23.85,20,5.0,0.54,20k,1.2,2.2,1.1,0.4,0.2,57,17,155,17,19
623,41.92,47.01,20,5.0,0.26,20k,0.4,3.0,0.3,1.3,0.0,21,17,44,38,3
204,43.81,23.89,20,5.1,0.56,20k,1.7,1.7,1.2,0.4,0.1,80,17,166,18,18
457,32.76,33.96,20,5.1,0.57,20k,1.0,2.4,0.4,1.1,0.2,36,19,38,30,24
903,38.09,51.11,20,5.1,0.29,20k,0.6,2.8,0.3,1.3,0.1,28,23,48,32,7
329,37.51,29.14,20,5.1,0.53,20k,1.3,2.1,0.7,0.9,0.1,55,18,79,27,20
825,35.35,54.82,20,5.1,0.31,20k,0.5,2.9,0.2,1.4,0.1,18,23,23,40,8
902,45.57,48.04,20,5.1,0.26,20k,0.7,2.7,0.4,1.2,0.1,31,20,51,32,9
112,45.83,22.33,20,5.1,0.57,20k,1.6,1.8,0.9,0.6,0.1,80,19,136,17,18
622,42.43,46.17,20,5.1,0.30,20k,0.5,3.0,0.2,1.4,0.1,21,23,30,35,12
136,41.77,23.97,20,5.1,0.64,20k,1.7,1.7,0.7,0.6,0.4,75,16,74,17,35
616,38.62,45.85,20,5.1,0.33,20k,0.4,3.1,0.4,1.3,0.1,18,23,36,41,8
846,30.35,58.85,20,5.2,0.37,20k,0.2,3.3,0.1,1.4,0.1,6,21,12,38,14
411,48.08,33.5,20,5.2,0.36,20k,1.1,2.3,0.5,1.1,0.1,49,19,68,31,16
5,38.62,20.17,20,5.2,0.72,20k,1.2,2.4,1.4,0.1,0.2,64,20,198,4,23
723,38.91,46.34,20,5.2,0.34,20k,0.5,3.0,0.3,1.3,0.1,21,23,34,32,12
23,42.71,21.5,20,5.2,0.68,20k,1.2,2.3,1.0,0.4,0.3,72,25,129,16,35
914,39.65,47.75,20,5.2,0.32,20k,0.6,2.9,0.4,1.2,0.1,27,19,44,32,12
25,38.45,22.05,20,5.2,0.73,20k,1.3,2.3,1.0,0.5,0.3,61,27,128,14,32
13,36.26,20.33,20,5.2,0.80,20k,1.4,2.2,1.5,0.0,0.1,71,28,217,2,14
337,27.1,30.6,20,5.3,0.75,20k,0.9,2.7,0.8,0.7,0.1,35,26,82,28,19
101,49.59,22.56,20,5.3,0.49,20k,1.5,2.1,1.2,0.4,0.0,80,22,173,14,4
226,39.64,25.62,20,5.3,0.60,20k,1.5,2.1,0.6,0.8,0.2,63,21,92,22,25
522,42.61,40.56,20,5.3,0.37,20k,1.0,2.6,0.4,1.2,0.1,42,24,38,40,12
219,45.41,25.95,20,5.3,0.53,20k,1.9,1.7,0.8,0.8,0.1,80,19,107,24,17
647,34.19,44.91,20,5.3,0.41,20k,0.7,2.9,0.3,1.3,0.1,30,22,24,41,11
12,44.23,20.31,20,5.3,0.63,20k,1.5,2.1,1.3,0.2,0.2,73,18,183,7,23
313,42.29,29.76,20,5.3,0.49,20k,1.2,2.4,0.6,0.9,0.2,54,19,72,28,26
311,52.04,32.2,20,5.3,0.37,20k,1.4,2.2,0.6,1.0,0.1,59,19,63,27,15
30,34.02,20.85,20,5.3,0.84,20k,1.1,2.6,1.2,0.2,0.3,51,25,164,10,31
738,42.42,51.41,20,5.3,0.28,20k,1.1,2.5,0.2,1.5,0.0,38,19,19,41,1
740,29.55,46.21,20,5.3,0.47,20k,0.6,3.0,0.3,1.2,0.1,23,20,34,33,15
618,31.66,41.41,20,5.3,0.45,20k,0.6,3.0,0.5,1.1,0.1,29,20,57,34,13
826,32.28,51.32,20,5.3,0.35,20k,0.3,3.3,0.4,1.3,0.0,17,25,42,34,7
111,46.54,23.17,20,5.3,0.55,20k,1.4,2.2,1.1,0.4,0.1,79,21,155,18,14
604,36.78,40.04,20,5.3,0.40,20k,0.8,2.8,0.5,1.1,0.1,36,24,75,39,10
458,26.73,33.41,20,5.3,0.78,20k,1.1,2.6,0.3,1.1,0.3,36,23,31,33,32
714,37.64,51.04,20,5.4,0.32,20k,0.4,3.2,0.3,1.4,0.1,22,25,27,30,7
2,43.21,20.09,20,5.4,0.67,20k,1.1,2.6,1.3,0.2,0.2,76,27,194,8,23
323,41.33,32.17,20,5.4,0.46,20k,1.5,2.2,0.5,1.1,0.1,64,21,56,33,9
560,21.29,43.06,20,5.4,0.72,20k,0.4,3.3,0.4,1.1,0.2,15,27,33,33,19
125,38.73,23.54,20,5.4,0.67,20k,1.5,2.2,0.9,0.6,0.2,63,23,122,18,21
836,47.07,54.51,20,5.4,0.25,20k,0.4,3.3,0.2,1.5,0.1,18,25,18,40,10
325,43.4,28.29,20,5.4,0.53,20k,1.9,1.8,0.6,0.9,0.2,77,15,71,29,20
715,36.82,42.98,20,5.4,0.38,20k,0.9,2.8,0.3,1.3,0.1,38,18,43,39,11
248,34.2,23.95,20,5.4,0.77,20k,1.2,2.5,0.9,0.4,0.3,53,24,93,16,40
29,34.83,21.13,20,5.4,0.85,20k,1.0,2.8,1.2,0.2,0.3,49,33,158,8,42
11,41.92,20.56,20,5.4,0.70,20k,1.6,2.2,1.2,0.3,0.2,79,26,189,12,18
611,39,43.13,20,5.4,0.36,20k,0.9,2.9,0.4,1.2,0.1,45,22,40,35,9
26,44.25,20.98,20,5.4,0.66,20k,1.8,1.9,1.2,0.3,0.2,80,21,147,11,19
217,38.26,25.75,20,5.4,0.61,20k,1.1,2.7,0.8,0.7,0.2,59,22,111,24,22
732,38.6,51.37,20,5.5,0.32,20k,0.6,3.2,0.2,1.4,0.1,21,26,29,38,9
221,47.95,25.91,20,5.5,0.50,20k,1.9,1.9,0.8,0.7,0.2,79,18,95,25,20
917,31.41,51.89,20,5.5,0.39,20k,0.5,3.2,0.3,1.3,0.1,19,23,34,35,11
941,35.92,50.67,20,5.5,0.37,20k,0.8,3.0,0.2,1.3,0.1,24,20,20,29,13
726,35.34,47.64,20,5.5,0.36,20k,0.4,3.4,0.4,1.2,0.1,16,22,45,36,10
814,40.64,53.19,20,5.5,0.30,20k,0.6,3.2,0.3,1.3,0.1,23,26,37,36,10
625,36.34,42.71,20,5.5,0.40,20k,0.9,2.9,0.5,1.1,0.0,34,29,56,33,5
434,35.38,39.83,20,5.5,0.44,20k,0.8,3.1,0.3,1.2,0.1,30,21,35,33,14
324,38.17,29.08,20,5.5,0.55,20k,1.2,2.6,0.8,0.8,0.1,56,21,91,25,13
724,38.87,51.74,20,5.5,0.33,20k,0.6,3.2,0.2,1.4,0.1,25,28,23,39,10
106,45.19,21.69,20,5.5,0.61,20k,1.6,2.3,1.2,0.3,0.2,80,23,191,11,19
15,44.05,20.62,20,5.6,0.68,20k,1.2,2.7,1.1,0.3,0.3,61,23,155,12,38
314,42.08,27.49,20,5.6,0.52,20k,1.3,2.6,0.7,0.8,0.2,59,16,90,26,23
603,36.25,40.91,20,5.6,0.40,20k,1.1,2.8,0.5,1.1,0.0,43,23,70,36,4
590,24.85,33.95,20,5.6,0.93,20k,0.5,3.4,0.3,0.8,0.5,13,30,21,22,61
115,43.34,22.98,20,5.6,0.63,20k,1.7,2.2,1.0,0.5,0.2,80,23,157,18,20
923,38.12,58.96,20,5.6,0.30,20k,0.6,3.3,0.2,1.4,0.1,20,24,22,38,8
612,41.94,41.83,20,5.6,0.36,20k,1.0,2.9,0.4,1.2,0.1,44,24,48,36,9
804,30.95,48.34,20,5.7,0.42,20k,0.8,3.2,0.4,1.2,0.0,35,25,53,35,7
558,32.25,42.98,20,5.7,0.54,20k,0.7,3.4,0.3,1.2,0.2,22,31,24,33,18
348,34.21,31.49,20,5.7,0.64,20k,1.5,2.5,0.4,1.0,0.2,51,22,46,26,24
633,42.17,43.71,20,5.7,0.37,20k,1.0,3.0,0.2,1.3,0.2,37,19,19,32,19
438,29.25,33.14,20,5.7,0.67,20k,0.8,3.2,0.6,0.9,0.2,33,24,68,29,23
422,37.91,32.01,20,5.7,0.55,20k,1.4,2.6,0.5,1.0,0.2,60,25,72,32,24
655,33.91,53.11,20,5.7,0.39,20k,0.7,3.4,0.1,1.5,0.1,20,26,8,35,14
913,41.57,51.65,20,5.7,0.32,20k,0.5,3.5,0.4,1.2,0.1,20,26,38,33,14
689,20.86,40.32,20,5.7,0.92,20k,0.9,3.2,0.3,1.1,0.3,23,25,19,28,39
237,29.79,25.87,20,5.7,0.85,20k,0.8,3.2,0.8,0.6,0.3,35,25,92,20,37
114,42.86,24.98,20,5.8,0.59,20k,1.4,2.7,0.8,0.7,0.2,65,28,127,22,19
936,38.04,55.38,20,5.8,0.32,20k,0.5,3.6,0.2,1.4,0.1,17,24,22,42,18
21,43.69,21.65,20,5.8,0.69,20k,1.7,2.4,1.1,0.3,0.2,79,22,146,11,25
322,42.89,28.28,20,5.8,0.57,20k,1.5,2.6,0.5,0.9,0.3,67,24,71,30,31
123,41.03,23.96,20,5.8,0.65,20k,1.5,2.6,0.9,0.5,0.2,68,23,111,14,28
124,42.55,24.67,20,5.8,0.63,20k,1.9,2.3,1.0,0.5,0.1,80,22,111,20,15
145,44.75,23.12,20,5.8,0.69,20k,1.6,2.6,0.9,0.4,0.4,63,26,89,12,47
229,44.34,26.43,20,5.8,0.60,20k,1.7,2.5,0.6,0.8,0.3,73,23,77,29,35
201,44.17,24.24,20,5.8,0.59,20k,1.6,2.5,1.2,0.4,0.1,79,24,180,18,11
813,45.6,50.65,20,5.8,0.28,20k,0.8,3.3,0.3,1.4,0.0,31,23,33,37,6
621,43.03,46.4,20,5.8,0.35,20k,0.9,3.3,0.3,1.3,0.1,37,30,34,40,8
859,27.13,55.54,20,5.9,0.49,20k,0.4,3.8,0.1,1.4,0.2,13,24,9,40,22
485,30.62,29.71,20,5.9,0.90,20k,0.9,3.3,0.2,0.9,0.6,30,28,13,22,67
926,36.25,52.73,20,5.9,0.39,20k,0.3,3.9,0.2,1.3,0.2,10,29,23,35,24
548,24.27,42.27,20,5.9,0.66,20k,0.4,3.8,0.4,1.1,0.1,16,27,41,38,21
428,32.63,35.01,20,5.9,0.55,20k,1.1,3.1,0.5,1.1,0.1,51,20,60,32,17
213,40.84,25.63,20,5.9,0.65,20k,1.8,2.5,1.0,0.4,0.2,70,25,124,16,24
844,34.58,61.41,20,6.0,0.33,20k,0.5,3.7,0.1,1.5,0.0,17,27,12,35,5
148,30.01,23.47,20,6.0,1.01,20k,1.5,2.8,1.1,0.3,0.3,61,30,116,11,36
340,34.58,29.63,20,6.0,0.66,20k,1.2,3.1,0.6,0.8,0.2,49,21,75,26,27
349,38.41,32.06,20,6.0,0.60,20k,1.1,3.2,0.4,1.0,0.3,44,29,41,28,30
212,44.35,24.42,20,6.0,0.63,20k,1.5,2.8,1.1,0.4,0.2,75,32,152,18,30
524,33.77,41.26,20,6.0,0.50,20k,1.1,3.2,0.5,1.2,0.1,42,26,51,44,11
180,24.09,22.29,20,6.0,1.47,20k,1.4,2.9,0.7,0.3,0.6,54,30,66,12,72
747,30.52,46.75,20,6.0,0.53,20k,0.3,4.0,0.3,1.2,0.3,12,23,23,37,32
223,33.62,25.28,20,6.0,0.79,20k,1.7,2.6,0.9,0.6,0.1,72,28,115,24,22
744,37.43,54.59,20,6.0,0.34,20k,0.5,3.9,0.1,1.5,0.1,18,26,18,40,8
746,35.87,52.72,20,6.1,0.36,20k,0.4,4.0,0.2,1.4,0.1,14,22,20,35,15
234,42.76,26.18,20,6.1,0.67,20k,1.7,2.7,0.6,0.7,0.3,70,29,72,26,39
49,37.25,22.06,20,6.1,0.88,20k,1.1,3.3,0.8,0.4,0.5,51,33,91,12,62
60,34.21,22.93,20,6.1,0.90,20k,1.2,3.2,1.0,0.3,0.3,47,33,110,13,38
216,45.69,25.63,20,6.1,0.57,20k,1.7,2.7,1.0,0.5,0.2,80,24,132,22,23
327,38.21,30.37,20,6.1,0.60,20k,1.8,2.6,0.7,0.9,0.1,80,24,79,27,12
427,36.6,35.27,20,6.1,0.57,20k,1.4,3.0,0.5,1.0,0.2,54,29,61,35,16
911,46.32,58.31,20,6.1,0.26,20k,0.6,3.8,0.2,1.4,0.0,23,34,30,37,5
921,42.39,56.29,20,6.1,0.31,20k,0.6,3.8,0.2,1.4,0.1,22,31,24,34,13
635,36.46,45.5,20,6.1,0.42,20k,0.8,3.7,0.3,1.3,0.1,30,32,42,38,10
90,25.63,18.69,20,6.1,1.67,20k,1.6,2.9,0.5,0.1,1.1,58,26,46,4,114
870,26.23,54.54,20,6.1,0.56,20k,0.0,4.4,0.1,1.4,0.3,1,27,7,29,31
50,30.68,22.53,20,6.2,1.01,20k,1.1,3.4,1.0,0.3,0.4,48,32,115,10,39
37,41.13,22.93,20,6.2,0.77,20k,1.4,3.1,0.7,0.6,0.4,61,34,98,17,45
135,36.48,27.27,20,6.2,0.69,20k,1.5,3.0,0.8,0.7,0.1,62,26,87,22,14
244,38.97,27.85,20,6.2,0.68,20k,1.5,3.0,0.8,0.7,0.2,67,29,72,22,22
437,33.84,35.04,20,6.2,0.60,20k,1.4,3.1,0.5,1.1,0.1,58,24,53,32,14
17,35.69,20.35,20,6.2,0.92,20k,1.1,3.4,1.3,0.1,0.3,57,37,212,6,39
932,37.49,57.76,20,6.2,0.33,20k,0.7,3.8,0.4,1.3,0.0,26,27,33,29,4
424,40.48,32.67,20,6.2,0.53,20k,1.2,3.3,0.6,1.0,0.2,55,28,71,27,17
511,48.98,40.24,20,6.2,0.33,20k,0.9,3.6,0.4,1.2,0.1,42,23,57,35,10
300,27.54,21.45,20,6.2,1.42,20k,1.7,2.8,0.2,0.5,1.0,55,27,18,11,113
513,40.26,41.84,20,6.2,0.41,20k,0.4,4.2,0.4,1.2,0.1,18,29,44,35,15
638,36.33,45.63,20,6.3,0.45,20k,1.1,3.4,0.4,1.2,0.1,35,27,30,39,14
669,22.34,39.18,20,6.3,0.94,20k,0.5,4.1,0.3,1.0,0.4,16,31,27,28,47
150,31.16,23.52,20,6.3,1.00,20k,1.1,3.5,0.9,0.4,0.5,49,31,95,12,53
70,30.04,22.68,20,6.3,1.14,20k,1.4,3.3,0.7,0.4,0.5,54,31,76,13,52
388,33.81,37.49,20,6.3,0.65,20k,1.0,3.6,0.2,1.3,0.2,32,33,12,33,26
712,45.46,47.38,20,6.3,0.32,20k,0.8,3.8,0.3,1.3,0.1,34,26,35,41,10
653,37.6,47.05,20,6.3,0.45,20k,1.2,3.4,0.2,1.3,0.2,35,29,18,34,17
602,43.35,46.42,20,6.3,0.35,20k,0.9,3.7,0.3,1.3,0.1,39,29,44,42,11
269,33.14,27.61,20,6.3,0.86,20k,1.3,3.3,0.5,0.8,0.4,54,30,46,25,43
36,38.52,21.9,20,6.3,0.88,20k,1.2,3.4,1.1,0.2,0.4,59,40,141,9,55
745,39.68,56.11,20,6.3,0.33,20k,0.3,4.3,0.1,1.5,0.1,12,27,12,39,14
233,39.97,27.8,20,6.3,0.66,20k,1.8,2.9,0.7,0.8,0.2,74,31,88,25,23
160,30.92,23.49,20,6.4,1.06,20k,1.4,3.3,0.9,0.3,0.5,52,30,83,11,59
569,30.42,44.58,20,6.4,0.61,20k,0.6,4.1,0.1,1.3,0.2,23,33,13,37,26
250,31.1,29.12,20,6.4,0.84,20k,0.9,3.8,0.5,0.8,0.3,43,33,50,26,35
501,38.56,36.89,20,6.4,0.49,20k,1.0,3.7,0.8,0.8,0.1,49,34,93,29,9
200,24.36,23.42,20,6.4,1.40,20k,1.3,3.4,0.6,0.5,0.6,49,32,48,14,66
158,32.25,24,20,6.4,0.98,20k,1.3,3.5,0.8,0.5,0.4,57,34,83,14,43
729,31.57,46.54,20,6.4,0.47,20k,0.8,3.9,0.4,1.2,0.1,31,25,44,32,8
333,44.41,32.15,20,6.4,0.53,20k,2.0,2.7,0.4,1.2,0.1,80,30,48,32,11
39,33.66,24.22,20,6.4,0.88,20k,1.1,3.6,0.8,0.6,0.3,49,34,102,17,32
711,45.3,49.41,20,6.4,0.31,20k,0.7,4.0,0.3,1.4,0.1,32,27,33,36,9
190,20.36,22.53,20,6.4,1.79,20k,1.4,3.3,0.5,0.3,0.8,49,30,50,10,88
247,35.61,29.46,20,6.4,0.74,20k,1.4,3.3,0.5,0.9,0.3,56,34,48,25,32
350,31.23,34.3,20,6.4,0.69,20k,0.7,4.1,0.5,1.0,0.2,30,30,51,30,25
702,45.08,47.73,20,6.5,0.33,20k,0.7,4.1,0.5,1.1,0.1,27,34,68,31,8
579,20.64,37.59,20,6.5,1.00,20k,0.5,4.2,0.4,0.9,0.4,19,27,27,24,46
339,44.36,29.33,20,6.5,0.59,20k,2.0,2.8,0.5,0.9,0.2,80,25,64,29,30
857,25.42,55.17,20,6.5,0.58,20k,0.3,4.5,0.1,1.4,0.1,8,27,12,35,20
432,42.64,35.26,20,6.5,0.51,20k,0.8,4.0,0.3,1.2,0.2,42,32,34,33,26
270,26.94,26.53,20,6.5,1.14,20k,1.4,3.4,0.6,0.6,0.4,51,31,55,22,52
236,35.66,27.46,20,6.5,0.76,20k,1.4,3.4,0.8,0.7,0.3,57,31,89,20,29
475,35.38,35.39,20,6.5,0.68,20k,1.8,3.0,0.2,1.2,0.3,58,24,14,34,29
922,43.15,53.49,20,6.5,0.32,20k,1.2,3.7,0.3,1.3,0.0,45,30,35,31,5
924,35.24,51.19,20,6.5,0.44,20k,1.1,3.7,0.4,1.2,0.1,42,37,41,32,10
624,37.62,42.36,20,6.5,0.45,20k,0.6,4.3,0.5,1.1,0.1,27,34,62,37,13
32,39.18,20.9,20,6.6,0.93,20k,1.6,3.3,1.2,0.0,0.4,74,36,150,2,51
214,41.57,26.61,20,6.6,0.63,20k,1.7,3.2,0.9,0.6,0.1,80,28,131,21,21
466,28.2,34.34,20,6.6,0.84,20k,1.5,3.4,0.3,1.1,0.3,49,24,27,30,36
260,36.28,28.28,20,6.6,0.77,20k,1.1,3.7,0.6,0.8,0.3,39,38,62,24,40
57,40.56,24.55,20,6.6,0.80,20k,1.3,3.6,0.7,0.6,0.4,60,37,72,13,52
649,34.1,46.76,20,6.6,0.48,20k,0.6,4.3,0.3,1.3,0.1,20,27,27,36,18
98,25.03,24.94,20,6.6,1.37,20k,1.6,3.3,0.5,0.7,0.5,58,35,42,18,48
100,20.32,20.59,20,6.6,1.94,20k,1.4,3.5,0.7,0.3,0.7,48,31,65,8,89
515,48.34,43.94,20,6.6,0.35,20k,1.0,3.9,0.4,1.2,0.1,46,36,45,34,4
833,36.45,53.74,20,6.6,0.40,20k,0.5,4.5,0.3,1.3,0.1,19,32,31,32,15
35,38.51,22.35,20,6.7,0.89,20k,1.5,3.5,0.8,0.4,0.4,66,31,109,15,53
299,25.7,25.93,20,6.7,1.30,20k,1.9,3.1,0.4,0.6,0.6,56,29,29,15,65
257,33.63,26.08,20,6.7,0.95,20k,1.7,3.3,0.7,0.5,0.4,58,34,70,16,51
255,34.84,26.77,20,6.7,0.90,20k,1.3,3.7,0.7,0.5,0.5,48,36,65,18,58
122,36.14,26.78,20,6.7,0.76,20k,1.6,3.4,0.6,0.8,0.3,75,28,79,20,32
170,28.41,26,20,6.7,1.11,20k,1.3,3.8,0.5,0.6,0.5,44,36,50,15,59
721,49.65,53.71,20,6.7,0.29,20k,0.7,4.4,0.3,1.4,0.1,27,37,33,37,8
933,38.4,57.88,20,6.7,0.36,20k,0.7,4.3,0.2,1.5,0.1,25,33,20,37,8
159,35.25,26.35,20,6.7,0.87,20k,1.4,3.6,0.6,0.7,0.4,57,31,64,19,44
467,28.53,40.63,20,6.7,0.71,20k,0.7,4.3,0.2,1.3,0.2,27,30,15,30,29
179,27.25,24.58,20,6.7,1.23,20k,1.8,3.3,0.7,0.5,0.5,57,30,62,14,58
850,24.78,57.18,20,6.7,0.58,20k,0.4,4.6,0.2,1.4,0.1,14,31,15,36,15
78,31.76,24.38,20,6.7,1.06,20k,1.5,3.6,0.8,0.4,0.5,58,33,71,15,49
126,39.67,24.58,20,6.7,0.77,20k,1.3,3.7,0.8,0.6,0.3,61,35,107,18,37
546,35.04,41.28,20,6.8,0.58,20k,1.3,3.8,0.3,1.2,0.2,38,31,31,32,20
398,31.02,32.34,20,6.8,0.89,20k,1.4,3.6,0.2,1.0,0.4,45,32,16,25,45
58,34.82,23.11,20,6.8,0.95,20k,1.1,4.0,0.9,0.4,0.3,54,37,98,13,42
259,34.53,29.14,20,6.8,0.80,20k,1.3,3.8,0.6,0.8,0.4,51,32,47,19,40
643,33.35,54.97,20,6.8,0.45,20k,0.7,4.4,0.2,1.4,0.1,23,32,19,37,10
87,30.26,21,20,6.8,1.41,20k,1.4,3.8,0.5,0.3,0.8,62,38,46,9,105
533,39.82,43.9,20,6.9,0.46,20k,1.3,3.9,0.4,1.2,0.1,42,30,37,37,12
317,43.29,29.89,20,6.9,0.59,20k,2.0,3.2,0.6,0.9,0.2,80,29,87,30,17
289,25.86,24.77,20,6.9,1.37,20k,1.6,3.6,0.5,0.6,0.6,57,31,40,14,72
733,42.21,47.37,20,6.9,0.39,20k,1.1,4.1,0.4,1.2,0.1,40,30,45,33,14
279,32.29,29.21,20,6.9,0.93,20k,1.9,3.3,0.4,0.9,0.4,56,30,29,24,46
67,30.22,23.39,20,6.9,1.15,20k,1.5,3.7,0.6,0.6,0.5,62,34,68,14,61
469,37.6,37.22,20,6.9,0.62,20k,0.8,4.4,0.2,1.1,0.4,25,34,14,29,46
199,23.35,23.6,20,6.9,1.59,20k,1.7,3.6,0.5,0.5,0.7,53,32,45,14,84
169,27.73,25.8,20,6.9,1.16,20k,1.3,3.9,0.6,0.6,0.5,51,34,57,18,57
168,31.1,24.14,20,6.9,1.08,20k,1.5,3.7,0.6,0.6,0.5,57,30,63,17,63
678,24.09,47.33,20,6.9,0.78,20k,0.6,4.6,0.1,1.3,0.3,20,34,7,35,32
531,47.88,37.76,20,6.9,0.46,20k,1.2,4.1,0.4,1.1,0.2,50,34,38,34,26
80,24.9,21.87,20,7.0,1.53,20k,1.1,4.1,0.6,0.4,0.7,43,36,63,10,84
298,30.84,26.47,20,7.0,1.09,20k,1.6,3.6,0.4,0.8,0.5,54,32,32,20,56
890,22.52,51.62,20,7.0,0.79,20k,0.2,5.1,0.1,1.3,0.3,6,33,7,33,39
134,40.73,25.33,20,7.0,0.74,20k,1.8,3.5,1.0,0.5,0.2,71,34,116,18,26
400,30.38,27.53,20,7.0,1.09,20k,1.5,3.8,0.2,0.8,0.7,50,30,20,24,74
379,35.11,31.72,20,7.0,0.77,20k,1.4,3.9,0.5,0.9,0.3,51,35,39,25,33
739,31.36,48.4,20,7.0,0.53,20k,0.3,5.0,0.3,1.2,0.2,13,30,29,37,25
358,39.17,32.8,20,7.0,0.69,20k,1.5,3.8,0.3,1.0,0.3,56,35,30,29,39
822,43.12,51.14,20,7.0,0.39,20k,0.7,4.6,0.3,1.3,0.1,27,35,27,35,16
88,27.17,23.72,20,7.0,1.30,20k,1.6,3.7,0.7,0.5,0.5,57,33,67,14,53
547,34.66,42.16,20,7.0,0.55,20k,0.8,4.6,0.2,1.2,0.2,30,31,24,37,27
77,24.87,23.36,20,7.0,1.47,20k,1.5,3.8,0.8,0.4,0.5,59,36,77,13,55
256,38.05,31.35,20,7.0,0.69,20k,2.0,3.4,0.6,0.9,0.2,66,36,58,27,23
631,42.34,43.9,20,7.0,0.42,20k,1.1,4.3,0.3,1.3,0.1,44,29,33,37,12
338,33,32.62,20,7.0,0.73,20k,1.4,3.9,0.6,0.9,0.2,50,33,71,30,20
369,31.9,30.99,20,7.1,0.91,20k,1.5,3.9,0.3,0.9,0.4,50,32,27,25,48
79,28.64,25.75,20,7.1,1.11,20k,1.3,4.1,0.7,0.6,0.4,51,34,72,16,42
266,35.36,28.26,20,7.1,0.88,20k,1.7,3.7,0.6,0.7,0.4,60,39,48,20,52
225,45.2,26.02,20,7.1,0.69,20k,1.9,3.5,0.9,0.5,0.2,80,38,109,18,33
677,30.72,48.27,20,7.1,0.65,20k,0.4,5.0,0.1,1.3,0.3,12,35,6,30,34
59,34.79,21.45,20,7.1,1.10,20k,1.2,4.2,1.0,0.1,0.6,53,36,93,5,80
147,34.51,26.09,20,7.1,0.91,20k,1.4,4.0,1.0,0.5,0.2,56,40,103,15,29
69,32.35,23.66,20,7.1,1.12,20k,1.6,3.8,0.5,0.6,0.5,54,34,52,15,57
335,40.45,29.81,20,7.1,0.71,20k,1.6,3.8,0.6,0.8,0.3,65,35,69,26,36
389,22.99,32,20,7.1,1.19,20k,1.5,3.9,0.5,0.9,0.3,49,36,35,22,31
24,37.32,22.59,20,7.1,0.88,20k,1.3,4.1,1.3,0.2,0.2,68,42,179,7,20
157,34.1,25.38,20,7.1,0.92,20k,1.4,4.1,1.1,0.4,0.2,57,39,103,14,30
564,38.53,44.21,20,7.1,0.51,20k,1.0,4.4,0.2,1.3,0.2,33,32,12,34,26
370,28.37,29.73,20,7.1,1.02,20k,1.4,4.1,0.3,0.9,0.4,48,31,31,26,57
321,47.76,32.07,20,7.2,0.52,20k,1.9,3.6,0.7,0.9,0.1,79,30,73,31,14
34,38.31,23.23,20,7.2,0.89,20k,1.6,3.9,1.1,0.3,0.3,67,35,133,9,35
280,28.22,30.53,20,7.2,1.02,20k,1.3,4.1,0.4,0.9,0.4,53,32,27,24,43
644,40.6,45.87,20,7.2,0.45,20k,0.9,4.5,0.2,1.3,0.2,32,28,19,41,22
44,37.13,21.82,20,7.2,1.01,20k,1.5,4.0,1.1,0.1,0.5,70,40,126,6,61
334,38.83,29.14,20,7.2,0.71,20k,1.2,4.3,0.8,0.7,0.2,56,37,88,24,30
448,36.21,37.98,20,7.2,0.59,20k,1.3,4.2,0.3,1.2,0.2,47,29,31,32,24
188,28.47,24.85,20,7.2,1.21,20k,1.5,4.0,0.8,0.4,0.4,58,36,71,13,47
380,24.23,27.33,20,7.2,1.32,20k,1.5,4.0,0.6,0.5,0.6,52,29,46,22,77
554,40.3,43.25,20,7.2,0.51,20k,1.4,4.1,0.2,1.3,0.2,43,33,21,33,18
97,23.06,22.41,20,7.2,1.72,20k,1.4,4.2,0.5,0.4,0.8,60,35,45,13,84
99,23.85,24,20,7.2,1.52,20k,1.5,4.0,0.5,0.5,0.7,50,33,41,14,72
189,23.58,24.8,20,7.2,1.47,20k,1.5,4.1,0.5,0.6,0.6,50,33,44,18,67
489,31.11,38.56,20,7.2,0.74,20k,1.4,4.1,0.3,1.2,0.2,46,33,23,34,22
360,33.26,33.57,20,7.2,0.75,20k,1.2,4.3,0.3,1.1,0.3,43,28,34,27,31
290,26.93,24.99,20,7.2,1.34,20k,1.5,4.1,0.6,0.4,0.7,47,35,47,13,74
749,30.79,55.83,20,7.3,0.53,20k,0.1,5.5,0.1,1.4,0.2,6,38,13,35,20
479,25.03,35.67,20,7.3,1.05,20k,1.6,4.0,0.3,1.1,0.3,50,32,21,29,36
245,36.17,27.02,20,7.3,0.85,20k,1.5,4.1,0.8,0.6,0.3,66,39,97,18,32
46,35.52,21.69,20,7.3,1.05,20k,1.4,4.3,0.9,0.3,0.5,65,36,104,10,70
45,37.33,26.27,20,7.3,0.85,20k,1.6,4.1,0.8,0.6,0.3,64,41,93,18,32
344,32.45,32.63,20,7.3,0.82,20k,1.7,4.0,0.5,0.9,0.2,63,33,49,32,32
737,25.25,47.61,20,7.3,0.66,20k,0.7,5.0,0.5,1.1,0.1,27,34,55,39,11
268,30,28.81,20,7.3,0.99,20k,1.6,4.0,0.6,0.7,0.3,57,36,63,21,35
650,30.77,47.98,20,7.4,0.57,20k,0.9,4.8,0.3,1.3,0.1,28,35,32,39,19
498,28.47,34.44,20,7.4,0.95,20k,1.2,4.5,0.2,1.1,0.4,37,36,21,26,45
197,24.42,23.06,20,7.4,1.66,20k,1.6,4.1,0.5,0.4,0.8,60,35,39,12,96
399,18.6,28.44,20,7.4,1.74,20k,1.7,4.0,0.5,0.7,0.5,52,31,31,19,61
246,37.75,28.96,20,7.4,0.77,20k,1.4,4.3,0.7,0.8,0.2,60,40,75,23,25
22,41.42,23.42,20,7.4,0.82,20k,1.4,4.3,1.4,0.1,0.2,75,48,177,2,26
557,35.65,41.23,20,7.5,0.60,20k,1.1,4.7,0.5,1.1,0.2,39,40,40,33,22
165,33.41,25.8,20,7.5,1.04,20k,1.9,3.9,0.7,0.5,0.4,68,38,71,15,50
222,41.25,28.28,20,7.5,0.70,20k,1.8,4.0,0.8,0.7,0.2,75,37,99,21,24
459,36.27,34.8,20,7.5,0.71,20k,1.5,4.3,0.4,1.0,0.3,51,33,38,32,32
54,42.52,23.95,20,7.5,0.85,20k,1.6,4.2,0.8,0.5,0.4,67,43,86,14,40
480,32.3,36.9,20,7.5,0.80,20k,1.5,4.3,0.2,1.2,0.4,45,32,13,31,39
823,47.26,56.28,20,7.5,0.32,20k,0.6,5.2,0.3,1.3,0.1,26,38,31,37,12
637,34.87,43.06,20,7.5,0.57,20k,0.7,5.1,0.4,1.1,0.2,28,36,41,34,25
945,35.9,67.06,20,7.5,0.37,20k,0.4,5.4,0.1,1.5,0.1,12,33,9,36,9
935,40.04,58.9,20,7.5,0.36,20k,0.8,5.0,0.3,1.4,0.0,29,30,23,33,5
48,37.1,22.82,20,7.5,0.99,20k,1.5,4.4,1.1,0.1,0.5,61,36,112,6,58
869,23.52,61.75,20,7.5,0.65,20k,0.4,5.4,0.1,1.4,0.1,12,38,10,30,16
421,42.13,34.09,20,7.6,0.61,20k,1.8,4.1,0.6,0.9,0.2,80,37,63,27,27
68,30.55,22.67,20,7.6,1.25,20k,1.2,4.7,0.7,0.3,0.6,52,37,71,10,75
912,39.73,55.87,20,7.6,0.38,20k,0.4,5.4,0.3,1.3,0.1,17,35,33,36,15
133,41.33,26.14,20,7.6,0.77,20k,1.5,4.4,0.8,0.6,0.3,74,38,97,19,34
648,33.87,44.86,20,7.6,0.58,20k,1.0,4.9,0.3,1.2,0.2,31,31,28,33,26
33,39.55,21.12,20,7.6,0.99,20k,1.6,4.3,1.2,0.1,0.4,70,43,155,4,50
845,37.19,58.83,20,7.6,0.42,20k,0.5,5.4,0.1,1.4,0.1,16,36,12,41,16
949,31.29,63.65,20,7.6,0.44,20k,0.5,5.5,0.2,1.5,0.0,19,35,18,36,5
47,34.05,20.24,20,7.7,1.19,20k,1.2,4.8,1.0,0.0,0.6,58,38,126,1,77
89,27.61,24.53,20,7.7,1.32,20k,1.5,4.5,0.7,0.5,0.5,51,37,68,13,57
286,36.99,27.17,20,7.7,0.97,20k,1.9,4.0,0.3,0.8,0.6,67,36,28,22,68
553,44.06,46.09,20,7.7,0.45,20k,1.2,4.7,0.2,1.4,0.1,41,41,22,33,13
366,33.76,31,20,7.7,0.91,20k,1.8,4.2,0.6,0.7,0.3,61,39,45,24,41
447,49.95,34.36,20,7.7,0.52,20k,2.2,3.8,0.6,1.0,0.1,80,34,47,30,18
378,36.08,32.59,20,7.7,0.81,20k,1.7,4.3,0.3,1.0,0.4,55,33,26,25,41
499,24.42,32.99,20,7.7,1.28,20k,1.7,4.2,0.2,1.0,0.5,49,34,13,23,54
456,48.11,38.39,20,7.7,0.48,20k,1.3,4.7,0.4,1.2,0.1,51,40,39,29,13
288,24.67,27.14,20,7.7,1.37,20k,1.7,4.3,0.5,0.7,0.5,55,35,49,21,61
155,31.5,24.15,20,7.7,1.18,20k,1.6,4.5,0.8,0.3,0.5,67,40,77,11,62
285,30.25,27.1,20,7.7,1.15,20k,1.6,4.5,0.5,0.7,0.4,65,39,47,24,54
296,31.06,24.92,20,7.7,1.31,20k,1.6,4.4,0.2,0.7,0.8,59,38,21,18,91
231,44.68,28.41,20,7.7,0.69,20k,1.8,4.2,0.8,0.6,0.2,80,38,89,21,28
947,32.58,60.74,20,7.8,0.49,20k,0.8,5.3,0.1,1.4,0.1,25,41,12,38,17
390,24.94,31.29,20,7.8,1.23,20k,1.6,4.5,0.4,0.9,0.4,49,34,35,23,51
331,46.22,32.99,20,7.8,0.55,20k,1.4,4.6,0.5,1.0,0.2,63,31,59,27,21
141,45.62,26.24,20,7.8,0.72,20k,2.0,4.1,0.8,0.6,0.3,80,33,79,19,35
277,29.22,26.22,20,7.8,1.23,20k,2.0,4.1,0.4,0.6,0.7,61,33,34,17,73
969,27.72,58.76,20,7.8,0.60,20k,0.6,5.5,0.1,1.4,0.2,19,39,8,33,23
166,29.35,22.69,20,7.8,1.38,20k,1.7,4.4,0.8,0.2,0.6,62,38,77,9,78
453,39.36,37.12,20,7.8,0.63,20k,1.2,5.0,0.3,1.1,0.3,40,37,30,27,30
332,41.92,32.69,20,7.8,0.67,20k,1.9,4.3,0.6,0.9,0.2,72,44,66,29,24
278,27.69,26.96,20,7.8,1.24,20k,1.8,4.3,0.6,0.6,0.4,56,36,52,20,47
85,27.68,23.27,20,7.8,1.45,20k,1.7,4.5,0.7,0.3,0.6,64,42,64,9,76
736,35.5,50.5,20,7.8,0.50,20k,0.7,5.5,0.4,1.2,0.1,27,38,36,36,16
56,31.07,21.02,20,7.8,1.34,20k,1.3,4.8,1.1,0.0,0.6,56,43,129,2,67
64,39.73,26.03,20,7.9,0.89,20k,1.6,4.5,0.6,0.6,0.4,70,40,61,17,48
667,21.86,47.42,20,7.9,0.93,20k,0.6,5.6,0.3,1.2,0.2,16,43,22,32,30
55,40.28,22.84,20,7.9,0.96,20k,1.6,4.6,0.8,0.4,0.5,66,39,84,12,70
368,35.32,32.93,20,7.9,0.79,20k,1.8,4.4,0.4,1.0,0.3,57,35,40,27,28
521,49.77,40.97,20,7.9,0.45,20k,1.3,4.9,0.3,1.2,0.2,50,42,39,38,21
177,32.46,24.26,20,7.9,1.17,20k,1.6,4.6,0.5,0.5,0.7,56,38,53,12,75
346,37.85,29.06,20,7.9,0.82,20k,1.8,4.5,0.8,0.6,0.3,64,36,73,20,36
235,37.11,28.12,20,7.9,0.83,20k,1.4,4.8,0.9,0.5,0.3,66,40,105,18,28
377,26.4,27.18,20,7.9,1.41,20k,1.8,4.5,0.3,0.7,0.7,57,38,25,20,90
194,26.95,26.98,20,7.9,1.33,20k,1.8,4.5,0.5,0.7,0.5,70,40,44,18,53
839,31.41,52.46,20,7.9,0.56,20k,0.6,5.7,0.4,1.2,0.1,20,41,40,32,19
156,39.08,26.24,20,7.9,0.89,20k,1.7,4.6,0.6,0.7,0.4,63,39,63,20,50
176,36.05,23.93,20,7.9,1.08,20k,2.0,4.3,0.7,0.4,0.6,63,40,62,13,66
195,28.21,25.57,20,7.9,1.31,20k,1.9,4.4,0.7,0.6,0.4,64,40,56,17,56
249,44.3,28.31,20,7.9,0.73,20k,2.0,4.3,0.6,0.7,0.3,80,40,63,24,39
267,36.76,30.99,20,7.9,0.83,20k,1.4,4.8,0.5,0.9,0.3,53,41,45,24,35
264,37.98,29.79,20,7.9,0.83,20k,1.9,4.4,0.5,0.9,0.3,72,40,47,25,35
657,30.09,47.4,20,7.9,0.64,20k,0.8,5.5,0.3,1.3,0.2,27,34,24,32,20
345,35.27,34.36,20,8.0,0.77,20k,1.6,4.6,0.4,1.0,0.2,55,44,44,25,27
154,38.34,26.3,20,8.0,0.89,20k,1.5,4.8,0.9,0.5,0.3,67,44,86,17,41
287,33.5,27.55,20,8.0,1.06,20k,1.8,4.5,0.3,0.9,0.5,59,36,29,21,65
556,53.2,42.75,20,8.0,0.43,20k,1.1,5.2,0.2,1.2,0.2,37,39,19,31,30
243,31.59,29.94,20,8.0,0.96,20k,1.7,4.7,0.8,0.6,0.3,61,41,84,21,30
143,39.97,28.53,20,8.0,0.80,20k,1.6,4.7,0.6,0.8,0.3,71,42,70,25,38
636,34.98,49.27,20,8.0,0.53,20k,1.1,5.2,0.4,1.3,0.1,38,41,37,42,6
343,44.16,30.56,20,8.0,0.67,20k,1.8,4.6,0.6,0.8,0.3,73,39,65,28,27
94,36.32,23.84,20,8.0,1.14,20k,1.8,4.6,0.5,0.4,0.8,65,45,42,12,81
167,28.79,26.19,20,8.0,1.27,20k,1.6,4.8,0.5,0.6,0.6,51,41,49,18,68
860,28.63,62.07,20,8.0,0.52,20k,0.2,6.1,0.2,1.4,0.1,8,38,16,35,10
957,30.37,65.89,20,8.0,0.49,20k,0.3,6.0,0.1,1.5,0.1,10,37,8,36,12
766,28.85,53.1,20,8.1,0.64,20k,0.9,5.5,0.2,1.4,0.1,26,46,12,36,19
178,24.41,26.87,20,8.1,1.38,20k,1.6,4.8,0.6,0.8,0.3,55,38,58,23,39
242,48.75,27.91,20,8.1,0.67,20k,2.0,4.4,0.8,0.6,0.3,77,40,78,23,33
241,44.16,28.08,20,8.1,0.71,20k,1.7,4.7,0.7,0.8,0.2,79,37,71,25,29
72,34,23.75,20,8.1,1.18,20k,1.9,4.5,0.9,0.3,0.5,77,46,80,9,52
276,30.84,25.96,20,8.1,1.25,20k,1.9,4.5,0.3,0.7,0.7,65,35,31,17,77
374,37.78,29.8,20,8.1,0.90,20k,1.9,4.5,0.4,0.8,0.5,69,41,34,23,56
74,35.19,23.79,20,8.1,1.18,20k,1.6,4.8,0.6,0.5,0.7,67,44,54,11,78
84,27.88,21.43,20,8.1,1.61,20k,1.9,4.6,0.7,0.3,0.7,69,42,74,7,85
76,27.16,21.51,20,8.1,1.65,20k,1.6,4.8,0.5,0.3,0.9,65,38,45,9,107
495,32.27,32.39,20,8.1,1.03,20k,2.1,4.4,0.2,1.0,0.5,59,39,14,26,55
132,41.14,25,20,8.1,0.86,20k,1.6,4.9,1.1,0.3,0.3,77,45,111,12,33
436,46.52,35.7,20,8.1,0.58,20k,2.2,4.3,0.5,1.0,0.2,80,40,46,31,22
821,37.35,50.22,20,8.1,0.48,20k,1.2,5.2,0.4,1.2,0.1,49,42,50,34,8
131,43.13,25.58,20,8.2,0.83,20k,1.7,4.7,0.8,0.5,0.3,80,45,103,18,42
486,34.04,33.04,20,8.2,0.88,20k,1.9,4.6,0.5,0.9,0.3,64,37,33,23,38
224,38.65,28.46,20,8.2,0.83,20k,1.4,5.1,0.9,0.5,0.3,66,47,106,22,45
153,40.13,23.92,20,8.2,1.01,20k,1.7,4.8,1.0,0.1,0.5,73,45,95,7,65
83,27.83,23.83,20,8.2,1.54,20k,2.0,4.5,0.6,0.5,0.6,71,46,59,12,63
770,34.22,51.16,20,8.2,0.59,20k,0.3,6.2,0.3,1.1,0.3,13,41,20,30,33
187,25.09,24.75,20,8.2,1.57,20k,1.9,4.6,0.4,0.6,0.7,59,35,40,17,76
363,42.72,31.57,20,8.2,0.74,20k,1.1,5.4,0.3,0.9,0.5,46,41,26,25,51
121,49.34,24.81,20,8.2,0.72,20k,1.6,4.9,1.1,0.3,0.3,80,44,139,16,37
387,32.66,34.43,20,8.2,0.91,20k,1.9,4.6,0.3,1.1,0.3,63,37,22,28,36
468,37.08,39.37,20,8.3,0.66,20k,1.7,4.8,0.3,1.3,0.1,55,45,28,34,13
568,34.37,45.65,20,8.3,0.63,20k,0.8,5.8,0.2,1.3,0.3,27,36,18,33,28
251,40.32,29.31,20,8.3,0.81,20k,2.0,4.6,0.7,0.8,0.2,79,49,69,22,27
42,44.94,23.54,20,8.3,0.87,20k,1.6,5.0,0.9,0.3,0.4,77,46,98,11,51
63,36.53,25.48,20,8.3,1.04,20k,1.8,4.8,0.6,0.7,0.4,69,47,64,20,46
196,23.36,23.27,20,8.3,1.87,20k,1.8,4.8,0.6,0.2,0.9,59,39,47,9,93
487,32.68,33.37,20,8.3,0.95,20k,2.2,4.4,0.3,1.0,0.4,66,32,22,25,46
544,40.88,43.39,20,8.3,0.56,20k,1.4,5.2,0.3,1.3,0.1,45,47,28,37,18
445,40.99,36.05,20,8.3,0.62,20k,1.8,4.8,0.6,1.0,0.1,65,37,57,30,14
93,31.16,21.23,20,8.3,1.57,20k,2.0,4.6,0.4,0.4,1.0,75,43,31,9,113
96,21.66,23.01,20,8.3,1.99,20k,1.6,5.1,0.5,0.4,0.7,60,40,51,14,88
95,19.44,23.51,20,8.3,2.13,20k,1.7,4.9,0.8,0.3,0.6,63,41,61,11,61
968,36.3,60.22,20,8.3,0.52,20k,0.5,6.1,0.1,1.3,0.2,15,46,9,29,23
53,36.14,23.4,20,8.3,1.08,20k,1.6,5.1,0.8,0.4,0.5,71,45,85,10,57
184,31.64,26.41,20,8.3,1.18,20k,1.8,4.8,0.5,0.7,0.5,68,42,56,17,52
449,37.29,37.02,20,8.4,0.68,20k,1.2,5.5,0.5,1.0,0.3,41,34,43,28,29
295,26.59,22.84,20,8.4,1.71,20k,2.0,4.7,0.5,0.3,0.9,68,37,37,9,110
476,30.9,35.36,20,8.4,0.93,20k,2.0,4.7,0.3,1.1,0.3,62,36,22,28,35
634,42.43,49.02,20,8.4,0.45,20k,0.6,6.1,0.3,1.3,0.1,31,46,26,40,18
163,37.02,23.85,20,8.4,1.10,20k,2.0,4.7,0.7,0.4,0.5,73,43,68,14,70
395,28.18,26.94,20,8.4,1.35,20k,2.0,4.7,0.4,0.7,0.6,67,38,32,17,65
375,36.22,30.83,20,8.4,0.97,20k,1.4,5.3,0.2,0.7,0.8,43,38,19,18,79
198,26.18,26.45,20,8.4,1.44,20k,1.5,5.2,0.6,0.5,0.6,53,38,51,13,62
164,37.91,27.26,20,8.4,0.97,20k,1.8,4.9,0.6,0.6,0.5,69,43,54,20,53
62,38.46,22.91,20,8.4,1.14,20k,1.8,4.9,0.9,0.1,0.7,78,45,82,4,75
849,43.27,67.42,20,8.4,0.34,20k,0.8,6.0,0.2,1.5,0.0,26,45,15,33,3
855,28.99,65.47,20,8.4,0.52,20k,0.5,6.2,0.1,1.5,0.1,15,43,13,37,8
144,42.31,26.43,20,8.4,0.83,20k,1.5,5.3,0.7,0.6,0.4,68,42,78,18,57
232,44.89,28.49,20,8.4,0.70,20k,1.5,5.2,0.8,0.7,0.2,76,46,97,24,23
43,35.02,23.74,20,8.5,1.09,20k,1.7,5.1,1.0,0.3,0.3,71,45,124,9,41
532,41.77,47.53,20,8.5,0.48,20k,0.9,5.9,0.3,1.3,0.1,34,44,31,38,13
146,38.89,27,20,8.5,0.88,20k,1.4,5.4,0.5,0.8,0.4,61,41,54,23,49
587,29.2,35.56,20,8.5,1.02,20k,0.8,5.9,0.2,0.9,0.6,25,38,15,24,69
956,32.51,61.99,20,8.5,0.52,20k,0.6,6.2,0.2,1.4,0.1,19,45,14,34,16
275,29.14,25.01,20,8.5,1.37,20k,1.8,5.0,0.9,0.3,0.5,61,43,86,11,54
253,30.16,29.97,20,8.5,1.12,20k,1.9,4.9,0.4,1.0,0.4,75,43,39,23,43
361,46.14,29.92,20,8.5,0.76,20k,2.1,4.7,0.4,0.8,0.5,79,42,39,24,54
463,37.29,35.95,20,8.5,0.79,20k,1.0,5.8,0.4,0.9,0.4,36,42,29,27,51
265,29.28,28.13,20,8.5,1.20,20k,1.9,4.9,0.4,0.8,0.4,66,40,38,25,57
365,36.84,29.24,20,8.5,0.92,20k,1.9,5.0,0.6,0.7,0.4,66,41,52,23,50
75,34.32,24.12,20,8.5,1.19,20k,1.6,5.3,0.6,0.5,0.6,63,41,54,16,78
942,36.86,60.78,20,8.6,0.46,20k,0.6,6.2,0.2,1.4,0.1,22,46,20,32,14
535,41.24,45.15,20,8.6,0.52,20k,0.9,6.0,0.4,1.2,0.1,36,43,41,34,15
465,40.88,37.56,20,8.6,0.68,20k,1.7,5.1,0.3,1.1,0.3,58,41,24,28,34
81,25.11,23.43,20,8.6,1.78,20k,2.0,4.9,0.5,0.5,0.7,80,49,58,13,70
843,40.51,61.62,20,8.6,0.39,20k,0.2,6.6,0.2,1.4,0.1,9,42,19,36,13
336,42.87,33.32,20,8.6,0.67,20k,1.4,5.5,0.6,0.9,0.2,64,41,54,28,27
186,30.82,24.2,20,8.6,1.39,20k,1.9,5.0,0.4,0.5,0.7,58,42,37,15,81
152,45.56,27.47,20,8.6,0.80,20k,2.1,4.9,0.6,0.7,0.4,76,46,60,20,45
722,41.61,49.83,20,8.6,0.46,20k,1.1,5.8,0.4,1.2,0.1,45,38,40,41,14
174,27.81,24.75,20,8.6,1.49,20k,1.8,5.1,0.6,0.4,0.7,66,44,55,10,79
355,36.86,33.19,20,8.6,0.85,20k,2.0,4.9,0.5,0.9,0.3,65,43,44,26,33
444,48.08,41.63,20,8.6,0.50,20k,1.0,6.0,0.3,1.2,0.2,37,42,25,36,25
138,49.14,25.06,20,8.6,0.78,20k,1.9,5.1,0.9,0.3,0.4,80,46,114,14,47
950,32.96,59.01,20,8.7,0.54,20k,0.7,6.3,0.3,1.2,0.1,25,45,24,29,16
52,45.87,25.55,20,8.7,0.87,20k,2.1,4.8,0.8,0.4,0.4,75,48,85,14,50
354,31.23,33.47,20,8.7,0.98,20k,2.1,4.9,0.5,0.9,0.3,69,42,48,26,34
66,32.2,22.61,20,8.7,1.30,20k,1.6,5.4,0.9,0.2,0.6,63,39,88,8,77
367,26.19,29.08,20,8.7,1.37,20k,1.8,5.2,0.6,0.5,0.6,58,39,48,16,67
460,43.71,36.13,20,8.7,0.66,20k,2.3,4.7,0.3,1.1,0.3,73,40,29,34,32
240,46.62,27.85,20,8.7,0.76,20k,1.9,5.1,0.7,0.6,0.4,80,50,87,22,45
173,36.45,24.8,20,8.7,1.16,20k,2.0,5.0,0.4,0.6,0.7,72,44,37,15,77
455,29.5,35.3,20,8.7,1.00,20k,2.1,4.9,0.4,1.1,0.2,66,40,31,27,27
252,45.05,26.95,20,8.7,0.83,20k,1.9,5.1,0.6,0.7,0.4,75,48,65,20,49
364,38.44,31.96,20,8.7,0.87,20k,1.8,5.3,0.3,1.0,0.4,61,45,26,24,48
550,34.18,44.16,20,8.7,0.68,20k,0.8,6.2,0.3,1.1,0.2,28,51,35,32,28
82,29.34,21.3,20,8.7,1.69,20k,2.0,5.1,0.6,0.2,0.8,76,48,59,7,99
838,36.2,56.13,20,8.7,0.48,20k,0.7,6.3,0.3,1.3,0.1,28,42,26,40,13
759,31.98,62.52,20,8.7,0.55,20k,0.3,6.8,0.1,1.4,0.2,12,48,11,32,15
396,30.34,31.34,20,8.7,1.15,20k,1.9,5.1,0.2,0.9,0.6,60,40,18,20,60
175,29.78,26.23,20,8.7,1.33,20k,1.9,5.2,0.6,0.5,0.6,65,42,55,12,69
435,37.5,35.21,20,8.8,0.71,20k,1.6,5.5,0.5,1.0,0.2,63,41,69,31,24
65,30.98,24.27,20,8.8,1.30,20k,1.8,5.3,0.7,0.4,0.6,62,42,79,13,67
151,35.78,26.55,20,8.8,1.06,20k,2.2,5.0,0.8,0.5,0.3,79,50,83,16,37
580,31.53,38.36,20,8.8,0.93,20k,1.3,5.8,0.3,1.0,0.4,36,45,19,25,48
193,24.42,23.52,20,8.8,1.85,20k,2.3,4.9,0.7,0.2,0.8,74,42,61,6,87
284,37.18,29.77,20,8.8,0.96,20k,2.0,5.2,0.3,0.9,0.5,69,43,24,21,62
385,31.01,31.9,20,8.8,1.11,20k,1.9,5.2,0.3,0.9,0.5,63,42,27,27,55
51,42.91,27.14,20,8.8,0.86,20k,2.1,5.1,0.8,0.7,0.3,79,50,71,19,29
381,35.66,33.07,20,8.8,0.93,20k,1.5,5.7,0.3,0.9,0.4,48,49,25,22,45
576,28.53,40.8,20,8.8,0.93,20k,1.0,6.2,0.3,1.0,0.4,29,42,20,28,43
743,43.6,55.64,20,8.9,0.43,20k,0.9,6.2,0.2,1.4,0.1,31,44,15,36,13
293,31.05,26.63,20,8.9,1.34,20k,2.2,4.9,0.4,0.6,0.7,70,46,32,15,79
867,33.75,60.14,20,8.9,0.54,20k,0.5,6.6,0.2,1.4,0.1,19,50,15,34,15
734,31.41,47.59,20,8.9,0.67,20k,1.2,6.0,0.4,1.2,0.1,41,47,47,33,15
856,32.66,62.77,20,8.9,0.53,20k,0.5,6.7,0.2,1.4,0.1,16,50,16,34,13
142,38.43,27.98,20,8.9,0.91,20k,1.8,5.5,0.9,0.5,0.3,71,45,86,16,36
41,38.53,23.8,20,8.9,1.03,20k,1.8,5.4,1.0,0.4,0.3,80,49,113,13,39
645,31.05,45.08,20,8.9,0.74,20k,0.8,6.4,0.5,0.9,0.3,25,44,43,29,34
756,28.73,53.97,20,8.9,0.68,20k,1.0,6.2,0.2,1.3,0.2,33,39,15,34,19
442,41.47,38.84,20,8.9,0.63,20k,1.4,5.8,0.3,1.2,0.2,52,46,41,29,19
946,38.75,58.25,20,8.9,0.48,20k,0.6,6.7,0.3,1.3,0.2,20,50,26,35,18
545,37.64,42.2,20,8.9,0.66,20k,0.9,6.3,0.4,1.1,0.2,37,51,38,30,30
478,29.14,36.13,20,9.0,1.04,20k,1.8,5.4,0.2,1.1,0.4,52,39,15,31,45
86,22.46,23.7,20,9.0,1.89,20k,2.0,5.3,0.7,0.3,0.7,64,35,65,9,84
656,40.02,53.37,20,9.0,0.52,20k,0.3,7.0,0.3,1.2,0.2,11,46,20,35,30
376,34.44,32.49,20,9.0,0.99,20k,1.8,5.5,0.2,0.9,0.5,53,38,20,27,61
497,27.35,30.8,20,9.0,1.33,20k,2.2,5.1,0.2,0.8,0.7,61,36,18,18,74
454,36.26,37.5,20,9.0,0.78,20k,1.9,5.4,0.3,1.1,0.2,67,45,34,32,25
431,44.17,35.73,20,9.0,0.64,20k,1.6,5.7,0.4,1.1,0.2,69,44,51,32,22
162,40.94,25.06,20,9.0,1.06,20k,1.9,5.4,0.8,0.3,0.6,74,49,61,12,73
555,35.06,45.45,20,9.0,0.67,20k,0.9,6.4,0.2,1.2,0.2,33,44,19,38,25
397,22.79,31.49,20,9.0,1.56,20k,1.9,5.4,0.3,0.8,0.6,57,39,19,21,61
776,24.16,60.54,20,9.1,0.76,20k,0.8,6.6,0.1,1.5,0.1,23,48,6,39,12
443,35.28,35.5,20,9.1,0.82,20k,1.9,5.5,0.6,0.9,0.2,71,45,59,29,26
760,31.32,51.67,20,9.1,0.66,20k,0.8,6.6,0.2,1.3,0.2,27,42,24,33,21
394,34.16,29.73,20,9.1,1.12,20k,2.1,5.4,0.3,0.8,0.6,70,42,17,22,66
71,33.87,22.47,20,9.1,1.44,20k,2.1,5.4,0.5,0.3,0.9,79,50,57,8,98
297,22.68,25.62,20,9.1,1.80,20k,1.5,5.9,0.7,0.2,0.7,53,41,56,8,82
341,44.16,32.88,20,9.1,0.71,20k,1.9,5.5,0.5,0.9,0.3,79,49,52,25,35
172,28.44,25.75,20,9.1,1.49,20k,1.9,5.5,0.5,0.6,0.6,75,48,46,16,67
185,31.67,26.33,20,9.1,1.26,20k,1.7,5.8,0.5,0.6,0.6,65,41,38,15,68
61,37.61,24.92,20,9.1,1.13,20k,2.2,5.3,0.8,0.4,0.5,79,50,74,12,58
292,32.05,27.29,20,9.2,1.29,20k,2.4,5.1,0.6,0.5,0.5,74,49,39,16,61
263,36.34,27.4,20,9.2,1.06,20k,1.8,5.7,0.6,0.6,0.5,72,44,55,18,58
494,27.78,42.78,20,9.2,0.94,20k,1.3,6.2,0.3,1.2,0.2,35,42,19,27,26
954,35.98,62.1,20,9.2,0.45,20k,0.9,6.6,0.2,1.5,0.0,30,37,18,37,7
274,32,26.69,20,9.2,1.33,20k,2.1,5.4,0.6,0.4,0.7,68,44,51,14,71
92,30.62,22.4,20,9.2,1.63,20k,2.2,5.3,0.5,0.2,1.0,76,47,45,5,111
386,27.17,31.16,20,9.2,1.25,20k,1.8,5.7,0.3,0.9,0.5,62,37,28,22,63
853,31.87,57.55,20,9.2,0.59,20k,0.9,6.6,0.2,1.4,0.1,31,46,13,36,13
585,29,39.49,20,9.2,1.01,20k,0.9,6.6,0.3,1.0,0.5,31,50,20,24,51
342,44.81,32.7,20,9.2,0.75,20k,2.1,5.4,0.5,0.9,0.3,79,50,44,26,40
600,28.43,43.39,20,9.2,0.93,20k,0.9,6.6,0.1,1.2,0.4,28,43,6,30,43
384,25.47,32.19,20,9.3,1.38,20k,2.2,5.3,0.5,0.8,0.4,66,46,34,22,45
283,28.55,28.28,20,9.3,1.40,20k,2.1,5.5,0.3,0.8,0.6,71,47,27,18,57
562,46.32,44.75,20,9.3,0.54,20k,1.3,6.3,0.2,1.3,0.2,42,45,14,34,20
238,44,28.55,20,9.3,0.80,20k,2.1,5.6,1.0,0.4,0.3,80,41,99,17,35
254,45.97,31.26,20,9.3,0.77,20k,2.3,5.3,0.6,0.8,0.3,80,50,49,23,40
441,45,38.08,20,9.3,0.60,20k,1.8,5.9,0.4,1.2,0.1,61,43,43,43,14
898,29.35,60.34,20,9.4,0.65,20k,0.2,7.5,0.1,1.4,0.2,6,44,4,34,26
351,41.42,32.03,20,9.4,0.82,20k,2.2,5.4,0.6,0.8,0.3,79,49,61,19,32
31,43.78,25.02,20,9.4,0.90,20k,1.6,6.1,0.9,0.3,0.4,79,50,114,11,41
161,47.54,26.77,20,9.4,0.87,20k,1.9,5.8,0.5,0.6,0.5,79,50,55,18,59
464,44.67,38.08,20,9.4,0.70,20k,2.2,5.6,0.3,1.1,0.3,77,50,20,28,34
73,29.51,24.67,20,9.4,1.45,20k,1.9,5.9,0.6,0.6,0.5,71,45,60,17,55
356,44.2,32.16,20,9.4,0.77,20k,2.1,5.6,0.5,0.9,0.3,80,48,41,27,38
191,26.58,24.12,20,9.5,1.77,20k,2.4,5.4,0.8,0.3,0.7,80,49,60,9,73
559,40.65,42.95,20,9.5,0.66,20k,0.9,6.9,0.2,1.2,0.3,28,52,21,32,37
383,33.53,33.61,20,9.5,1.04,20k,2.3,5.5,0.2,1.0,0.4,70,46,16,27,46
433,47.48,36.17,20,9.5,0.61,20k,1.9,5.9,0.6,0.9,0.2,70,46,63,30,25
181,27.55,24.79,20,9.5,1.68,20k,2.2,5.6,0.6,0.3,0.8,80,49,44,10,83
731,41.91,50.37,20,9.5,0.51,20k,1.2,6.6,0.4,1.2,0.1,43,46,36,35,17
484,41.86,41.37,20,9.5,0.67,20k,1.1,6.8,0.2,1.2,0.3,35,50,14,31,36
182,34.56,25.19,20,9.5,1.37,20k,2.3,5.6,0.4,0.4,0.9,75,48,38,11,90
347,44.36,34.57,20,9.6,0.73,20k,1.8,6.1,0.4,1.0,0.3,65,50,39,30,42
878,33.74,61.13,20,9.6,0.53,20k,1.1,6.8,0.2,1.5,0.0,32,42,11,30,6
482,35.21,38.28,20,9.6,0.85,20k,1.4,6.5,0.2,1.1,0.4,47,45,15,30,42
799,31.87,49.63,20,9.6,0.79,20k,0.5,7.3,0.1,1.2,0.4,16,52,8,30,43
832,41.62,57.88,20,9.6,0.47,20k,0.8,7.1,0.3,1.3,0.1,28,57,30,33,8
477,35.32,36.36,20,9.6,0.89,20k,1.9,6.0,0.4,0.9,0.4,55,38,27,24,48
271,39.72,30.44,20,9.6,0.94,20k,2.2,5.7,0.6,0.7,0.4,79,50,43,22,41
183,30.98,25.49,20,9.6,1.44,20k,2.3,5.6,0.5,0.4,0.8,73,43,41,12,82
382,27.81,26.95,20,9.6,1.59,20k,2.4,5.6,0.3,0.6,0.8,76,47,28,17,93
565,30.4,46.72,20,9.6,0.83,20k,0.9,7.0,0.2,1.2,0.3,28,52,23,33,30
752,36.21,57.17,20,9.6,0.56,20k,1.2,6.8,0.2,1.4,0.1,36,51,17,37,8
353,39.35,33.27,20,9.6,0.82,20k,2.2,5.8,0.7,0.7,0.3,73,46,65,21,31
670,28.61,52.47,20,9.7,0.79,20k,1.0,6.9,0.2,1.3,0.2,34,46,13,31,22
958,33.43,59.97,20,9.7,0.60,20k,0.5,7.5,0.2,1.3,0.2,17,56,14,32,25
552,44.82,44.58,20,9.7,0.53,20k,1.2,6.8,0.2,1.3,0.2,43,42,26,36,23
294,31.89,27.14,20,9.7,1.29,20k,1.7,6.3,0.5,0.6,0.6,68,45,44,16,71
842,43.15,59.8,20,9.7,0.44,20k,0.6,7.4,0.2,1.4,0.1,23,51,23,36,14
500,41.73,38.19,20,9.7,0.79,20k,1.4,6.7,0.2,1.0,0.5,44,50,9,23,53
282,38.85,29.88,20,9.8,1.01,20k,2.4,5.7,0.5,0.7,0.5,75,48,41,19,50
800,25.36,48.84,20,9.8,1.05,20k,1.3,6.8,0.1,1.2,0.4,34,49,9,28,41
786,26.98,44.22,20,9.8,1.02,20k,1.2,7.0,0.1,1.1,0.5,30,40,7,24,51
676,36.5,51.84,20,9.8,0.63,20k,0.9,7.2,0.2,1.3,0.2,31,52,14,31,20
575,44.56,45.87,20,9.8,0.59,20k,1.5,6.6,0.2,1.3,0.2,45,53,11,34,22
685,42.1,51.45,20,9.8,0.55,20k,1.0,7.1,0.1,1.4,0.2,29,49,11,30,22
273,31.99,28.94,20,9.8,1.20,20k,2.2,5.9,0.6,0.6,0.5,73,43,49,15,63
690,25.5,42.57,20,9.8,1.16,20k,0.9,7.3,0.2,1.0,0.5,30,51,11,26,55
171,34.64,27.48,20,9.8,1.19,20k,2.4,5.8,0.7,0.5,0.4,80,49,64,16,45
362,36.18,33.02,20,9.9,0.99,20k,2.3,5.9,0.4,0.9,0.4,73,50,35,24,46
597,27.66,46.33,20,9.9,0.98,20k,1.2,7.0,0.3,1.1,0.3,39,55,18,28,30
764,40.32,53.62,20,9.9,0.56,20k,0.9,7.3,0.1,1.3,0.3,28,46,9,30,26
392,22.52,34.14,20,9.9,1.59,20k,2.6,5.5,0.3,1.0,0.4,74,49,24,27,42
291,32.69,29.3,20,9.9,1.25,20k,2.4,5.8,0.4,0.8,0.5,80,49,28,23,56
735,42.74,51.81,20,9.9,0.51,20k,1.3,6.9,0.3,1.3,0.1,50,53,29,41,12
474,35.2,36.37,20,9.9,0.92,20k,2.0,6.2,0.3,1.1,0.3,68,45,24,27,35
780,29.66,48.68,20,10.0,0.86,20k,0.8,7.4,0.1,1.3,0.4,27,49,5,31,43
831,40.27,57.69,20,10.0,0.48,20k,0.8,7.4,0.4,1.2,0.1,29,52,33,37,10
91,28.94,22.07,20,10.0,1.80,20k,2.3,6.0,0.5,0.3,0.9,80,49,47,9,111
261,34.7,28.73,20,10.0,1.17,20k,2.3,6.0,0.6,0.6,0.5,80,48,48,18,58
192,26.62,24.72,20,10.0,1.78,20k,2.3,6.0,0.7,0.4,0.7,75,49,56,10,66
641,45.54,50.08,20,10.0,0.51,20k,0.9,7.4,0.2,1.3,0.2,37,55,22,33,22
472,32.81,31.17,20,10.0,1.21,20k,2.4,6.0,0.5,0.5,0.6,74,49,40,21,69
461,41.88,34.04,20,10.0,0.81,20k,2.4,6.0,0.4,1.0,0.3,79,49,38,26,34
496,28.69,35.73,20,10.0,1.20,20k,2.2,6.2,0.4,0.9,0.4,60,43,26,24,47
262,35.49,26.71,20,10.1,1.22,20k,2.0,6.4,0.7,0.4,0.6,75,48,66,14,78
599,24.34,43.11,20,10.1,1.20,20k,1.3,7.1,0.4,1.0,0.3,33,55,22,23,35
757,45.31,56.27,20,10.1,0.43,20k,1.1,7.3,0.2,1.4,0.1,37,41,14,38,11
742,43.8,50.78,20,10.1,0.50,20k,1.3,7.1,0.4,1.2,0.1,46,44,33,35,13
665,28.95,47.72,20,10.1,0.92,20k,1.0,7.4,0.2,1.2,0.4,31,50,18,31,45
488,44.19,40.26,20,10.1,0.68,20k,1.8,6.7,0.2,1.2,0.3,62,50,15,32,29
790,28.29,54.71,20,10.2,0.81,20k,1.2,7.4,0.1,1.4,0.2,33,49,5,32,21
493,34.25,38.18,20,10.2,0.97,20k,2.1,6.4,0.1,1.1,0.4,59,44,7,29,48
393,33.23,34.64,20,10.2,1.05,20k,2.3,6.3,0.2,1.2,0.4,74,44,12,28,42
258,44.42,30.17,20,10.3,0.87,20k,2.0,6.6,0.5,0.7,0.4,80,50,52,22,43
541,47.69,47.33,20,10.3,0.53,20k,1.3,7.3,0.4,1.2,0.1,49,55,34,32,16
439,42.76,37.93,20,10.3,0.69,20k,1.9,6.7,0.5,1.0,0.2,75,47,47,31,22
758,35.11,53.29,20,10.3,0.66,20k,0.8,7.8,0.2,1.3,0.2,29,54,15,30,28
542,40.34,46.91,20,10.3,0.61,20k,1.2,7.4,0.4,1.2,0.1,46,57,38,32,10
281,32.03,27.77,20,10.3,1.41,20k,2.4,6.3,0.4,0.7,0.6,80,49,33,20,74
483,22.89,33.65,20,10.4,1.55,20k,2.3,6.4,0.4,0.9,0.4,75,41,24,26,57
970,32.99,59.83,20,10.4,0.65,20k,0.7,8.0,0.2,1.3,0.2,24,52,17,29,23
272,39.89,28.51,20,10.4,1.06,20k,2.2,6.5,0.5,0.6,0.5,75,48,43,18,64
640,46.67,48.27,20,10.4,0.51,20k,1.2,7.5,0.3,1.2,0.2,42,45,29,42,21
371,36.11,32.11,20,10.4,1.10,20k,2.4,6.4,0.3,0.8,0.6,79,50,20,25,58
688,31.22,54.19,20,10.5,0.76,20k,0.5,8.3,0.1,1.4,0.3,17,54,5,31,33
451,38.23,38.55,20,10.5,0.85,20k,2.5,6.4,0.4,1.1,0.2,73,50,28,28,30
778,31.22,51.43,20,10.5,0.80,20k,1.1,7.8,0.2,1.3,0.3,34,54,18,32,30
589,43.03,44.85,20,10.6,0.67,20k,1.5,7.4,0.2,1.2,0.3,47,57,17,28,27
452,46.46,36.8,20,10.6,0.71,20k,2.2,6.8,0.4,1.0,0.3,74,50,38,29,38
779,26.63,52.11,20,10.6,0.92,20k,0.9,8.0,0.1,1.3,0.2,26,52,8,37,34
698,30.56,48.25,20,10.6,0.90,20k,1.2,7.8,0.1,1.2,0.4,32,51,9,29,38
754,40.88,53.49,20,10.6,0.60,20k,1.2,7.8,0.1,1.4,0.2,42,63,15,33,23
686,26.81,52.64,20,10.6,0.92,20k,1.0,7.9,0.2,1.3,0.2,25,49,10,30,28
659,43.19,53.25,20,10.6,0.54,20k,1.5,7.5,0.3,1.2,0.1,50,56,32,33,12
352,39.6,31.51,20,10.7,0.95,20k,2.2,6.8,0.5,0.8,0.4,74,49,45,27,48
866,33.35,61.37,20,10.7,0.59,20k,0.9,8.1,0.2,1.5,0.1,36,52,13,36,9
373,31.9,33.38,20,10.7,1.16,20k,2.3,6.7,0.5,0.8,0.4,71,47,40,24,34
471,34.28,33.35,20,10.7,1.12,20k,2.7,6.4,0.5,0.8,0.4,80,49,35,25,52
372,30.94,33.1,20,10.8,1.18,20k,2.2,6.8,0.6,0.8,0.3,76,47,51,22,37
753,39.8,54.94,20,10.8,0.56,20k,1.2,7.9,0.2,1.4,0.1,40,51,13,41,17
473,35.79,36.73,20,10.8,0.99,20k,2.4,6.7,0.2,1.0,0.5,70,46,19,28,47
951,45.25,64.67,20,10.8,0.46,20k,0.3,8.9,0.1,1.4,0.2,9,60,13,31,27
960,30.83,63.58,20,10.8,0.66,20k,0.5,8.7,0.2,1.3,0.2,15,57,16,29,21
588,22.35,51.16,20,10.9,1.12,20k,1.1,8.0,0.3,1.3,0.1,36,53,18,32,15
391,29.01,32.12,20,10.9,1.33,20k,2.4,6.9,0.7,0.7,0.3,79,50,49,19,38
567,32.47,48.16,20,10.9,0.82,20k,1.1,8.1,0.2,1.2,0.2,37,58,19,30,24
481,43.03,37.59,20,11.0,0.84,20k,2.5,6.8,0.2,1.0,0.5,75,49,16,28,48
748,43.67,55.04,20,11.0,0.55,20k,1.3,8.0,0.2,1.4,0.2,46,55,15,34,21
578,46.15,50.09,20,11.0,0.60,20k,1.5,7.8,0.1,1.4,0.2,45,57,8,33,21
741,46.2,57.43,20,11.0,0.49,20k,0.8,8.5,0.1,1.4,0.2,31,62,15,38,21
765,33.71,61.8,20,11.1,0.66,20k,0.6,8.8,0.1,1.4,0.2,22,60,8,32,19
966,39,62.99,20,11.1,0.57,20k,0.9,8.5,0.1,1.5,0.2,26,56,7,39,20
751,46.91,60.96,20,11.1,0.46,20k,1.3,8.2,0.2,1.5,0.1,42,60,11,39,9
679,26.56,51.79,20,11.1,0.95,20k,1.0,8.4,0.3,1.1,0.2,31,55,24,28,25
543,41.82,41.43,20,11.1,0.74,20k,1.4,8.0,0.4,1.0,0.3,47,58,36,29,35
795,28.23,43.46,20,11.2,1.13,20k,1.1,8.5,0.2,1.0,0.5,29,54,9,24,64
584,38.51,49.02,20,11.3,0.72,20k,1.1,8.5,0.2,1.2,0.3,34,52,11,31,35
700,27.34,51.03,20,11.3,0.99,20k,1.1,8.5,0.2,1.2,0.3,29,54,10,30,34
943,40.55,62.65,20,11.3,0.53,20k,1.3,8.4,0.2,1.4,0.1,40,64,18,37,11
492,31.92,34.55,20,11.3,1.25,20k,2.1,7.6,0.2,0.8,0.6,60,48,15,23,68
696,34.2,50.24,20,11.3,0.89,20k,0.7,8.9,0.1,1.2,0.5,21,64,3,27,50
491,43.98,37.55,20,11.4,0.84,20k,2.4,7.2,0.2,1.1,0.5,70,49,11,23,53
462,39.14,36.07,20,11.4,0.93,20k,2.5,7.2,0.4,1.0,0.4,75,48,30,25,43
577,35.33,44.08,20,11.4,0.87,20k,1.2,8.5,0.2,1.1,0.4,38,58,17,31,42
944,37.61,59.98,20,11.4,0.59,20k,1.4,8.3,0.2,1.4,0.1,46,62,23,36,13
595,27.67,49.06,20,11.4,1.09,20k,1.4,8.4,0.2,1.1,0.4,39,64,13,25,32
777,28.77,59.2,20,11.4,0.83,20k,1.2,8.5,0.1,1.4,0.2,34,59,10,31,18
652,48.8,49.32,20,11.4,0.53,20k,1.2,8.6,0.3,1.2,0.1,43,64,38,37,18
598,29.05,45.33,20,11.4,1.04,20k,1.2,8.6,0.3,1.1,0.3,34,59,21,28,35
775,42.97,63.3,20,11.5,0.50,20k,0.7,9.1,0.1,1.5,0.1,23,59,10,33,13
632,44.3,50.5,20,11.5,0.58,20k,1.0,8.8,0.3,1.2,0.2,41,69,41,35,22
642,45.09,47.88,20,11.6,0.59,20k,0.8,9.1,0.3,1.2,0.2,33,54,27,33,30
774,30.32,52.77,20,11.6,0.85,20k,1.1,8.8,0.1,1.4,0.2,33,56,8,37,33
988,31.38,70.03,20,11.6,0.68,20k,0.6,9.3,0.1,1.5,0.1,17,63,5,32,12
549,39.86,48.11,20,11.6,0.69,20k,1.3,8.6,0.3,1.2,0.2,50,62,29,26,21
646,39.78,51.04,20,11.6,0.65,20k,1.1,8.9,0.1,1.4,0.2,39,55,15,36,23
877,33.82,65.51,20,11.6,0.66,20k,0.4,9.5,0.2,1.4,0.2,15,64,12,35,17
879,30.21,64.28,20,11.7,0.76,20k,0.7,9.3,0.1,1.4,0.2,23,68,6,34,24
789,29.19,50.72,20,11.8,0.97,20k,1.2,8.9,0.2,1.2,0.3,32,58,12,30,38
767,31.54,57.8,20,11.8,0.74,20k,1.2,8.9,0.2,1.4,0.1,33,56,13,31,15
697,26.18,49.09,20,11.8,1.12,20k,1.1,9.0,0.1,1.2,0.5,29,53,7,24,45
784,30.32,48.95,20,11.9,0.98,20k,1.2,9.0,0.2,1.1,0.4,37,56,11,27,49
788,26.96,48.91,20,11.9,1.13,20k,1.3,8.9,0.1,1.2,0.4,35,52,10,27,49
763,40.73,58.81,20,11.9,0.58,20k,0.7,9.4,0.1,1.4,0.2,27,59,8,34,20
687,42.51,54.06,20,11.9,0.68,20k,0.7,9.5,0.1,1.2,0.4,22,69,6,26,40
699,26.9,49.84,20,11.9,1.05,20k,1.0,9.2,0.2,1.1,0.3,33,55,18,26,34
931,47.73,61.45,20,12.0,0.46,20k,1.0,9.3,0.3,1.3,0.1,37,65,29,30,11
796,28.68,45.91,20,12.0,1.11,20k,1.3,9.0,0.2,1.1,0.4,38,62,12,22,49
755,37.83,61.31,20,12.0,0.60,20k,0.7,9.6,0.1,1.5,0.1,27,60,12,32,17
561,44.01,50.39,20,12.0,0.66,20k,1.5,8.9,0.3,1.2,0.2,50,80,27,30,21
955,38.36,69.47,20,12.2,0.55,20k,0.5,9.9,0.1,1.5,0.1,17,63,9,40,15
773,35.12,58.31,20,12.2,0.73,20k,0.8,9.7,0.1,1.4,0.2,23,62,8,30,26
573,31.3,49.23,20,12.2,0.93,20k,1.6,9.0,0.2,1.3,0.1,44,66,20,33,18
797,26.57,42.38,20,12.3,1.33,20k,1.4,9.2,0.2,0.9,0.6,38,58,11,26,71
572,30.87,41.33,20,12.3,1.13,20k,1.3,9.3,0.4,0.9,0.4,44,72,28,25,53
858,48.76,64.45,20,12.3,0.48,20k,0.5,10.1,0.2,1.3,0.2,16,70,14,33,24
959,32.77,64.47,20,12.3,0.72,20k,0.7,9.9,0.1,1.4,0.2,22,70,9,37,20
551,48.22,48.59,20,12.3,0.60,20k,1.6,9.0,0.4,1.2,0.1,50,69,28,33,14
768,29.69,50.36,20,12.3,0.93,20k,1.1,9.6,0.3,1.2,0.2,34,56,20,31,31
953,38.43,65.09,20,12.4,0.58,20k,0.5,10.2,0.1,1.4,0.2,20,62,11,32,23
854,34.15,62.26,20,12.4,0.71,20k,1.0,9.7,0.1,1.4,0.1,34,74,12,36,14
852,46.44,61.55,20,12.4,0.53,20k,0.7,10.0,0.1,1.4,0.2,23,73,14,35,22
664,38.66,53.49,20,12.6,0.71,20k,1.0,9.9,0.2,1.3,0.2,35,62,15,33,28
651,39.02,50.49,20,12.6,0.70,20k,1.4,9.6,0.3,1.3,0.1,50,61,31,32,15
583,33.18,48.55,20,12.6,0.95,20k,1.3,9.7,0.2,1.1,0.3,39,65,14,27,39
571,42.79,48.9,20,12.7,0.72,20k,1.5,9.5,0.2,1.3,0.2,45,63,20,33,21
798,30.19,47.63,20,12.7,1.09,20k,0.9,10.1,0.1,1.0,0.6,26,54,7,21,62
566,44.07,48.6,20,12.8,0.69,20k,1.1,9.9,0.1,1.3,0.3,36,59,9,35,30
964,36.64,64.4,20,12.8,0.68,20k,1.0,10.1,0.1,1.4,0.2,28,76,12,33,18
586,42.53,48.7,20,12.8,0.73,20k,1.6,9.5,0.2,1.3,0.2,50,67,12,31,26
593,40.95,48.61,20,12.8,0.80,20k,1.5,9.6,0.1,1.2,0.3,42,71,9,29,33
663,41.21,52.49,20,12.8,0.73,20k,1.1,10.0,0.1,1.2,0.3,36,69,16,36,29
762,37.58,56.27,20,12.8,0.71,20k,1.5,9.6,0.2,1.4,0.1,49,65,16,32,13
563,42.74,46.73,20,12.9,0.77,20k,1.4,9.8,0.3,1.1,0.3,41,69,27,29,38
594,42.09,46.29,20,12.9,0.82,20k,0.8,10.4,0.2,0.9,0.5,27,68,13,23,49
684,46.16,53.43,20,12.9,0.62,20k,1.2,10.0,0.2,1.4,0.1,39,72,12,29,15
986,37.95,69.29,20,12.9,0.63,20k,0.6,10.6,0.0,1.5,0.2,18,72,4,32,22
675,43.75,55.45,20,12.9,0.63,20k,1.7,9.5,0.1,1.4,0.1,50,68,9,35,17
887,32.78,64.36,20,13.0,0.80,20k,0.9,10.4,0.1,1.4,0.3,25,70,5,26,25
596,29.74,42.28,20,13.1,1.20,20k,1.4,10.0,0.3,0.9,0.4,37,62,23,25,50
673,36.17,48.06,20,13.1,0.93,20k,1.6,9.8,0.2,1.2,0.3,45,71,19,33,30
582,44.46,51.14,20,13.1,0.69,20k,1.4,10.1,0.2,1.3,0.2,38,68,13,32,25
772,43.76,60.16,20,13.2,0.60,20k,0.6,10.9,0.1,1.3,0.2,19,73,11,31,29
990,31.69,66.31,20,13.2,0.81,20k,0.4,11.1,0.1,1.3,0.3,13,65,5,26,29
952,47.78,60.07,20,13.3,0.55,20k,1.1,10.5,0.2,1.3,0.2,38,69,17,32,25
875,36.95,57.93,20,13.3,0.75,20k,0.8,10.9,0.1,1.3,0.3,25,71,14,31,36
672,34.97,49.34,20,13.4,0.95,20k,1.7,10.0,0.1,1.2,0.3,47,70,10,32,39
680,49.37,55.62,20,13.4,0.59,20k,0.8,10.9,0.1,1.3,0.2,26,76,10,32,29
761,42.07,55.33,20,13.4,0.71,20k,0.8,10.9,0.2,1.2,0.3,25,65,11,31,36
683,35.25,48.83,20,13.4,0.91,20k,1.6,10.1,0.2,1.2,0.3,47,70,14,28,35
662,49.48,53.79,20,13.5,0.60,20k,0.9,10.8,0.2,1.2,0.3,25,68,15,30,35
674,36.27,50.52,20,13.5,0.89,20k,1.6,10.2,0.2,1.2,0.3,45,69,14,29,31
769,46.78,59.37,20,13.6,0.58,20k,1.6,10.3,0.1,1.5,0.1,48,75,9,36,18
787,30.42,56.13,20,13.6,0.96,20k,1.3,10.6,0.2,1.3,0.3,35,61,13,29,27
793,23.53,49.8,20,13.6,1.40,20k,2.0,9.9,0.3,1.0,0.3,47,70,23,25,38
681,33.22,59.97,20,13.6,0.85,20k,1.6,10.3,0.1,1.4,0.2,46,77,6,32,14
871,46.7,66.06,20,13.7,0.53,20k,0.9,11.0,0.1,1.5,0.1,29,71,7,36,14
591,32.28,44.44,20,13.7,1.17,20k,1.7,10.4,0.3,1.0,0.4,50,79,18,25,42
695,29.17,52.63,20,13.8,1.08,20k,1.1,11.0,0.2,1.2,0.3,34,70,10,30,37
592,31.27,47.15,20,13.8,1.13,20k,1.5,10.6,0.1,1.3,0.3,47,76,8,29,35
980,30.32,67.29,20,13.8,0.82,20k,1.0,11.1,0.1,1.5,0.1,32,79,7,36,17
841,41.65,66.52,20,13.8,0.61,20k,0.4,11.7,0.1,1.5,0.2,18,82,10,38,21
862,44.37,61.37,20,13.9,0.60,20k,1.0,11.2,0.2,1.4,0.1,32,77,18,32,16
972,41.15,70.55,20,13.9,0.60,20k,0.6,11.6,0.1,1.4,0.1,21,86,11,35,14
771,37.09,57.29,20,13.9,0.80,20k,1.1,11.1,0.2,1.3,0.3,37,79,11,28,30
694,32.05,46.17,20,14.0,1.17,20k,1.5,10.8,0.1,1.0,0.5,40,72,8,23,64
666,38.14,54.81,20,14.1,0.83,20k,1.5,10.9,0.2,1.3,0.3,50,80,12,28,28
654,43.41,51.17,20,14.2,0.74,20k,1.3,11.2,0.3,1.2,0.2,44,77,26,33,32
785,36.22,55.4,20,14.2,0.88,20k,1.7,10.8,0.1,1.4,0.2,50,80,10,32,26
693,37.13,52.3,20,14.3,0.89,20k,1.6,10.9,0.1,1.3,0.3,45,72,7,33,31
868,35.37,64.2,20,14.3,0.78,20k,0.5,12.1,0.0,1.5,0.2,20,84,4,34,26
692,33.36,48.56,20,14.5,1.07,20k,1.8,11.0,0.2,1.1,0.4,50,73,14,28,41
581,40.58,44.12,20,14.5,0.98,20k,1.8,11.0,0.2,1.0,0.5,50,79,14,23,55
574,29.17,43.69,20,14.6,1.29,20k,1.5,11.4,0.3,1.0,0.4,42,69,24,29,46
791,32.36,56.11,20,14.7,1.01,20k,1.7,11.3,0.2,1.2,0.3,45,79,17,24,28
794,40.31,61.41,20,14.7,0.73,20k,0.8,12.2,0.1,1.4,0.3,28,80,7,35,27
861,43.27,64.12,20,14.7,0.63,20k,0.8,12.2,0.1,1.5,0.2,25,72,5,35,20
847,36.44,57.75,20,14.8,0.81,20k,1.1,11.9,0.3,1.3,0.1,39,85,31,33,19
682,30.96,48.87,20,15.0,1.17,20k,1.7,11.6,0.3,1.1,0.3,46,71,15,27,42
979,45.91,69.65,20,15.0,0.60,20k,0.3,13.0,0.0,1.4,0.3,11,81,2,28,34
851,42.26,60.19,20,15.1,0.66,20k,1.5,11.9,0.1,1.5,0.1,47,66,12,38,15
961,46.89,72.26,20,15.2,0.54,20k,0.9,12.6,0.0,1.6,0.1,30,86,3,31,12
781,31.12,56.59,20,15.2,1.06,20k,1.9,11.6,0.2,1.2,0.2,49,80,16,27,24
668,42.51,55.8,20,15.3,0.74,20k,1.1,12.6,0.2,1.3,0.2,34,80,15,33,27
783,40.82,58.98,20,15.3,0.75,20k,1.1,12.5,0.1,1.4,0.2,33,72,8,33,25
661,44.88,55.28,20,15.5,0.73,20k,1.2,12.6,0.2,1.3,0.2,35,79,13,33,27
782,39.23,64.38,20,15.6,0.77,20k,0.8,13.0,0.0,1.4,0.3,25,80,2,33,28
865,45.93,61.78,20,15.7,0.69,20k,0.5,13.5,0.1,1.3,0.3,14,89,8,31,39
992,36.01,72.58,20,15.8,0.76,20k,0.4,13.7,0.1,1.4,0.2,12,80,5,28,23
792,29.09,59.9,20,15.9,1.11,20k,1.8,12.4,0.1,1.5,0.2,40,77,6,34,19
900,33.87,63.93,20,16.1,0.95,20k,1.3,13.1,0.1,1.3,0.3,36,100,7,32,24
975,37.61,72.94,20,16.1,0.73,20k,1.2,13.2,0.1,1.5,0.1,34,92,7,33,13
978,33.27,61.46,20,16.4,1.00,20k,1.2,13.5,0.2,1.2,0.3,36,99,17,29,29
889,36.91,63.28,20,16.5,0.91,20k,0.7,14.1,0.0,1.2,0.4,20,86,3,27,39
671,43.7,53.95,20,16.6,0.80,20k,1.5,13.5,0.3,1.2,0.2,50,80,20,30,24
863,41.77,67.09,20,16.6,0.72,20k,1.1,13.9,0.1,1.4,0.1,34,89,8,33,16
864,39.04,58.98,20,16.7,0.90,20k,1.1,13.8,0.3,1.1,0.3,38,108,18,25,38
997,32.5,67.59,20,16.9,0.95,20k,0.6,14.5,0.1,1.3,0.3,21,90,5,30,32
977,33.49,67.68,20,17.0,0.91,20k,0.9,14.3,0.2,1.3,0.2,28,98,12,34,29
885,46.04,67.02,20,17.4,0.67,20k,0.6,15.1,0.2,1.4,0.1,19,91,12,29,18
691,35.26,46.64,20,17.5,1.25,20k,1.8,13.9,0.1,1.0,0.6,49,80,6,30,68
897,36.46,67.45,20,17.8,0.93,20k,0.7,15.4,0.1,1.3,0.3,22,110,8,28,27
880,46.76,62.43,20,18.3,0.76,20k,1.0,15.6,0.2,1.2,0.4,30,91,12,27,42
987,38.53,67.29,20,18.3,0.89,20k,1.0,15.6,0.1,1.3,0.3,27,102,5,28,35
996,44.06,72.09,20,18.6,0.71,20k,0.5,16.4,0.0,1.4,0.3,16,93,2,32,31
974,38.98,66.18,20,18.8,0.92,20k,1.3,15.8,0.1,1.3,0.3,41,105,9,28,29
899,35.56,68.9,20,18.9,0.97,20k,0.5,16.7,0.1,1.4,0.3,14,96,5,28,29
891,38.13,70.61,20,19.2,0.89,20k,0.5,17.0,0.1,1.4,0.2,16,101,5,31,23
993,40.64,71.27,20,19.3,0.84,20k,0.8,16.8,0.0,1.4,0.2,26,115,4,29,26
873,42.07,64.5,20,19.4,0.88,20k,0.6,17.0,0.1,1.3,0.3,20,108,7,31,38
962,46.83,64.09,20,19.5,0.73,20k,1.0,16.8,0.2,1.3,0.2,34,90,15,33,33
872,42.35,68.55,20,19.9,0.86,20k,0.9,17.3,0.1,1.4,0.2,29,113,6,35,27
983,40.69,66.18,20,20.0,0.90,20k,0.9,17.4,0.1,1.3,0.3,27,105,8,26,39
874,39.71,63.62,20,20.1,0.99,20k,1.0,17.4,0.2,1.2,0.4,33,110,11,24,38
881,46.22,69.2,20,20.7,0.79,20k,0.8,18.2,0.2,1.3,0.2,26,113,10,31,26
976,42.83,69.02,20,20.8,0.89,20k,0.6,18.5,0.1,1.2,0.4,19,119,7,30,45
886,35.43,61.24,20,20.8,1.13,20k,1.1,18.0,0.2,1.2,0.3,35,113,13,29,40
984,40.66,78.52,20,21.0,0.83,20k,0.9,18.4,0.1,1.5,0.1,24,120,4,32,17
876,47.3,68.13,20,21.1,0.79,20k,0.7,18.7,0.2,1.4,0.2,22,113,16,34,19
973,38.41,68.49,20,21.7,1.00,20k,1.2,18.8,0.1,1.3,0.2,40,116,12,30,25
971,38.18,72.18,20,22.0,1.00,20k,0.6,19.7,0.2,1.3,0.3,15,127,14,28,26
981,47.97,74.61,20,22.2,0.78,20k,1.2,19.2,0.1,1.4,0.2,39,133,4,30,20
888,46.09,69.25,20,22.3,0.86,20k,0.7,20.0,0.1,1.3,0.3,20,122,9,27,32
963,47.84,73.65,20,22.7,0.79,20k,0.4,20.5,0.0,1.4,0.3,13,115,5,33,32
896,36.72,65.62,20,23.7,1.18,20k,0.9,21.1,0.1,1.3,0.4,26,122,6,28,44
991,47.39,66.72,20,24.0,0.92,20k,1.0,21.4,0.2,1.2,0.4,28,124,10,27,41
883,40.94,68.99,20,25.2,1.06,20k,1.7,21.8,0.2,1.3,0.2,49,140,11,31,29
882,44.46,70.31,20,25.5,1.00,20k,1.2,22.6,0.2,1.3,0.2,37,135,10,27,26
989,33.11,74.86,20,27.2,1.38,20k,0.9,24.6,0.1,1.2,0.4,28,157,7,29,42
995,39.12,72.3,20,27.6,1.18,20k,1.2,24.7,0.1,1.4,0.2,39,150,3,34,29
994,41.48,69.92,20,28.7,1.25,20k,1.6,25.4,0.2,1.2,0.3,48,181,7,27,32
893,42.53,67.16,20,28.9,1.26,20k,1.6,25.7,0.2,1.1,0.4,44,163,9,25,43
985,40.86,71.62,20,29.2,1.20,20k,1.3,26.2,0.1,1.3,0.3,37,144,7,32,37
1000,39.59,69.81,20,29.6,1.33,20k,1.2,26.7,0.1,1.2,0.4,37,159,7,28,46
998,37.64,74.3,20,29.8,1.34,20k,1.2,27.0,0.1,1.4,0.3,34,164,4,31,31
999,34.01,74.42,20,29.9,1.45,20k,0.9,27.3,0.1,1.4,0.2,28,162,5,36,26
884,35.73,72.36,20,33.3,1.60,20k,1.3,30.3,0.2,1.2,0.3,39,195,9,28,32
892,46.24,72.81,20,33.9,1.23,20k,1.6,30.6,0.1,1.2,0.3,49,183,8,31,38
982,41.8,73.24,20,34.1,1.40,20k,1.5,30.9,0.1,1.2,0.4,43,187,12,26,38
895,46.1,68.81,20,35.6,1.37,20k,1.4,32.5,0.1,1.1,0.5,38,197,7,26,53
894,42.21,70.13,20,38.6,1.59,20k,1.6,35.3,0.3,1.1,0.4,49,220,17,25,43
