,NRHR_areas,RHR_areas,NRLR_areas,RLR_areas,NRHR_GHG,RHR_GHG,NRLR_GHG,RLR_GHG
0,285680.0,69092.0,568030.0,549993.0,0.854038977,0.16584055,1.644675662,1.294273546
1,270953.0,23622.0,483681.0,563464.0,0.807920448,0.056851929,1.399971489,1.326936755
2,157663.0,32228.0,466825.0,612285.0,0.470028786,0.077515246,1.351321907,1.441406053
3,149781.0,99650.0,336842.0,576661.0,0.44638728,0.239226751,0.975299884,1.356754609
4,83689.0,69900.0,398026.0,552470.0,0.250457451,0.167951919,1.152620822,1.300611238
5,248852.0,14781.0,440502.0,590290.0,0.742171902,0.035541594,1.275091836,1.38971283
6,126588.0,68996.0,210971.0,568484.0,0.37832403,0.165684298,0.611183446,1.337537055
7,90256.0,38156.0,603697.0,558291.0,0.27012978,0.091771888,1.74778442,1.313281735
8,197950.0,153331.0,510583.0,386492.0,0.589636053,0.368147084,1.477243703,0.908668744
9,98096.0,171726.0,496649.0,451543.0,0.293001153,0.411484104,1.4367838,1.061511146
10,286931.0,129399.0,467631.0,456006.0,0.856571028,0.310580166,1.353722403,1.072536338
11,123802.0,99479.0,384895.0,455425.0,0.37004562,0.238845055,1.113833465,1.07039121
12,183538.0,77909.0,455581.0,500947.0,0.548886069,0.186996022,1.318171241,1.177060497
13,183799.0,102546.0,428985.0,490332.0,0.549037944,0.246020955,1.241361612,1.152782229
14,802116.0,192282.0,731737.0,423008.0,2.392595499,0.461007807,2.116427912,0.994037705
15,394359.0,151754.0,609762.0,399967.0,1.175532435,0.364148029,1.764247902,0.939137807
16,401588.0,153301.0,630422.0,430317.0,1.197516681,0.367668311,1.823671246,1.009938986
17,436030.0,142035.0,525480.0,388235.0,1.301004915,0.340679232,1.52033181,0.911781805
18,379438.0,189216.0,421490.0,353414.0,1.133523651,0.453652422,1.218915178,0.829864574
19,404276.0,232669.0,536173.0,337953.0,1.207439496,0.558086696,1.550258297,0.793557172
20,309547.0,148587.0,462910.0,420085.0,0.922757556,0.356068116,1.339088288,0.986885809
21,924546.0,102726.0,871946.0,517145.0,2.757983361,0.246625692,2.520248578,1.213193345
22,463532.0,115157.0,745275.0,283498.0,1.383160116,0.276244897,2.154901746,0.665349441
23,784756.0,181446.0,534239.0,305319.0,2.341208667,0.435209319,1.544790547,0.716343903
24,503801.0,153406.0,693833.0,343352.0,1.504769181,0.367822694,2.006247283,0.805817741
25,653869.0,139948.0,695954.0,413489.0,1.950116625,0.335581514,2.011079062,0.969846341
26,476773.0,170746.0,604228.0,394116.0,1.424179653,0.409299212,1.74657317,0.924817081
27,362580.0,130933.0,525270.0,413420.0,1.084867845,0.314060459,1.519019532,0.970016275
28,671964.0,227083.0,941800.0,301510.0,2.005775886,0.544715783,2.721156959,0.706907745
29,785643.0,191663.0,716496.0,223972.0,2.345912874,0.459622831,2.071389558,0.525158602
30,795527.0,147469.0,714767.0,374425.0,2.375453175,0.353766152,2.065788808,0.878039878
31,531885.0,173501.0,678848.0,314308.0,1.588350147,0.415946074,1.962125071,0.73663531
32,571269.0,178900.0,660210.0,282417.0,1.707101538,0.428595572,1.908547575,0.661959035
33,461457.0,173521.0,656117.0,295007.0,1.377914154,0.415520705,1.895766178,0.691338849
34,773507.0,65763.0,642557.0,372960.0,2.306761527,0.157857447,1.856958658,0.875206045
35,1029762.0,138921.0,1041210.0,230654.0,3.071029698,0.333087726,3.007759083,0.541417994
36,947295.0,205924.0,953213.0,263653.0,2.824093197,0.494002841,2.753506999,0.618035326
37,770440.0,163685.0,885147.0,307279.0,2.297324703,0.392541946,2.557175088,0.720414868
38,701025.0,157859.0,731249.0,283658.0,2.092013631,0.378436153,2.113101145,0.664376897
39,573898.0,238056.0,676803.0,139765.0,1.711657116,0.570216744,1.956195327,0.327607053
40,501986.0,268454.0,398847.0,241456.0,1.498130658,0.643306387,1.153208289,0.565920304
41,695882.0,192270.0,652808.0,255980.0,2.075883702,0.460728642,1.885673083,0.59969818
42,877955.0,91884.0,899986.0,315511.0,2.620429677,0.220374435,2.600887292,0.73852718
43,812873.0,122804.0,952580.0,205814.0,2.423510016,0.294317032,2.751785662,0.482039977
44,695495.0,101592.0,845295.0,320141.0,2.080491057,0.243732789,2.441951295,0.74981131
45,788175.0,199388.0,806516.0,284154.0,2.351640642,0.477733204,2.329863046,0.665119511
46,668059.0,141950.0,796203.0,142326.0,1.993846806,0.340128364,2.300014356,0.333654417
47,546308.0,74943.0,480171.0,171696.0,1.630635363,0.179667405,1.387311354,0.402035638
48,649528.0,232791.0,549125.0,160436.0,1.938279795,0.557550567,1.585653169,0.376042661
49,376393.0,221087.0,392937.0,447719.0,1.123002987,0.530230168,1.138190454,1.053654093
50,319524.0,213895.0,300929.0,441194.0,0.951860745,0.513645977,0.871423084,1.038528108
51,25415.0,211164.0,255703.0,469166.0,0.076474248,0.506586,0.740409203,1.103284796
52,208312.0,102224.0,454521.0,538308.0,0.622844133,0.245460148,1.315478367,1.266909137
53,68580.0,331128.0,191582.0,356242.0,0.204844953,0.793752957,0.554698372,0.837458952
54,28215.0,161650.0,174220.0,493215.0,0.084768198,0.388102259,0.504562799,1.161891125
55,28560.0,220975.0,223598.0,419891.0,0.085563072,0.530129369,0.647725711,0.988538293
56,704445.0,163724.0,695000.0,470446.0,2.104939809,0.39314236,2.011010335,1.105930602
57,399196.0,287008.0,385613.0,346287.0,1.193334765,0.688253999,1.115957641,0.813976714
58,341651.0,213839.0,306195.0,378652.0,1.019230698,0.512972428,0.886237122,0.890032256
59,394322.0,227585.0,414151.0,385394.0,1.178633838,0.546361987,1.198720268,0.906416904
60,200947.0,154134.0,449137.0,486318.0,0.600648864,0.370015503,1.299751751,1.144155867
61,433600.0,232038.0,212681.0,443060.0,1.293838296,0.556466304,0.615568663,1.040616685
62,58552.0,238704.0,346635.0,415064.0,0.175223187,0.57297141,1.002816405,0.976439103
63,595738.0,214235.0,553564.0,368551.0,1.779354963,0.513876184,1.600947005,0.865887228
64,729650.0,76644.0,828367.0,539442.0,2.180760852,0.183942348,2.39469188,1.266581336
65,805068.0,291971.0,517172.0,325458.0,2.401765965,0.700262815,1.496588353,0.764418557
66,356756.0,214699.0,437199.0,441210.0,1.066781448,0.514586642,1.264426794,1.036400125
67,495770.0,359236.0,322227.0,279212.0,1.482373392,0.860784047,0.93115734,0.655475233
68,324476.0,354058.0,234600.0,217587.0,0.96929202,0.848619011,0.678645642,0.511361335
69,275504.0,232854.0,233516.0,356890.0,0.823371084,0.558552006,0.675671539,0.83819589
70,906984.0,362626.0,571341.0,249417.0,2.70651,0.869641721,1.652131311,0.584566855
71,675003.0,344977.0,685242.0,268467.0,2.018484384,0.82646531,1.98193005,0.629806458
72,690237.0,169722.0,624570.0,389218.0,2.063135448,0.407238939,1.80607173,0.913383874
73,515045.0,318817.0,408460.0,306542.0,1.537001748,0.764298356,1.181718452,0.719008647
74,718717.0,322078.0,457575.0,175556.0,2.147117604,0.772009418,1.32250743,0.41247227
75,531778.0,261632.0,618733.0,350412.0,1.588867815,0.627356188,1.788994211,0.821811666
76,532116.0,344972.0,319358.0,255494.0,1.586472075,0.826736326,0.922999108,0.599386402
77,1029045.0,297006.0,786329.0,265479.0,3.071425176,0.712014513,2.272665934,0.621741957
78,639337.0,233770.0,717699.0,288757.0,1.9099473,0.560693321,2.07424953,0.677076965
79,834550.0,369382.0,412296.0,279764.0,2.490433338,0.885332843,1.191727131,0.6556208
80,621142.0,295774.0,604245.0,212263.0,1.857555048,0.709328915,1.746282498,0.497833278
81,815127.0,251155.0,699505.0,301590.0,2.433350868,0.601625219,2.021338769,0.706558584
82,750657.0,256727.0,567012.0,304661.0,2.238861888,0.615361297,1.63807857,0.71414559
83,569864.0,341671.0,227532.0,192902.0,1.70147058,0.819087536,0.65772279,0.452494066
84,772679.0,426886.0,827658.0,219762.0,2.309480373,1.023017606,2.390947185,0.514560863
85,825778.0,187293.0,1065398.0,280826.0,2.46633381,0.448927233,3.077134108,0.658058029
86,687549.0,431542.0,371249.0,194808.0,2.05091223,1.033168814,1.072883128,0.456630475
87,664403.0,227391.0,596944.0,266310.0,1.984271433,0.545628441,1.725096629,0.623974376
88,760215.0,226835.0,535715.0,243481.0,2.269759308,0.54389449,1.547880574,0.570497174
89,644645.0,353369.0,428519.0,193230.0,1.923340977,0.845930782,1.237849189,0.452586865
90,314363.0,378067.0,491211.0,168917.0,0.941134026,0.905852792,1.419642711,0.395479708
91,903071.0,350083.0,1156557.0,206897.0,2.696946873,0.839300039,3.339853023,0.485012063
92,834170.0,196352.0,954567.0,214208.0,2.489288982,0.470958691,2.756793729,0.50186285
93,807097.0,327957.0,916463.0,201604.0,2.410313247,0.785793792,2.646747685,0.472090203
94,689147.0,337188.0,379704.0,186979.0,2.058892884,0.808348791,1.097380104,0.437742171
95,480624.0,315709.0,411488.0,99789.0,1.435090992,0.756444656,1.188783091,0.233695833
96,794610.0,358797.0,566693.0,160043.0,2.369925933,0.859043979,1.637027869,0.374655877
97,365904.0,210402.0,401841.0,136726.0,1.091200194,0.50456562,1.161001116,0.320427216
98,211154.0,363868.0,303896.0,350430.0,0.633452724,0.872393462,0.880287817,0.825001282
99,300977.0,304410.0,189917.0,359388.0,0.89757429,0.730742469,0.549360934,0.845961198
100,244503.0,227662.0,308586.0,478935.0,0.730021215,0.546433136,0.893595342,1.12742785
101,195666.0,184788.0,242018.0,465192.0,0.586059519,0.44379144,0.701027518,1.094158748
102,357325.0,245784.0,321548.0,439909.0,1.067360022,0.590397984,0.930901222,1.036109133
103,95844.0,338791.0,233844.0,360683.0,0.287841288,0.812194316,0.677334687,0.849364681
104,64806.0,388678.0,116314.0,299595.0,0.19441359,0.932308724,0.336756335,0.705077299
105,364470.0,423037.0,413278.0,241917.0,1.089556788,1.014612815,1.195388978,0.56958768
106,344962.0,313615.0,410908.0,383574.0,1.032696696,0.752613407,1.188594851,0.90206796
107,410368.0,383622.0,305961.0,277489.0,1.226720502,0.920181693,0.885080067,0.652784715
108,690742.0,322971.0,308033.0,308456.0,2.063407662,0.774941325,0.892657612,0.725893324
109,211236.0,318348.0,228168.0,348233.0,0.632992212,0.764177472,0.660277206,0.819160179
110,389596.0,354718.0,80298.0,300441.0,1.162335747,0.851105273,0.232707795,0.70627679
111,178820.0,356872.0,140495.0,329437.0,0.534929028,0.856487288,0.406731481,0.774178364
112,280740.0,474607.0,333840.0,216905.0,0.840941994,1.137393854,0.964724697,0.509157933
113,794186.0,411287.0,715989.0,236634.0,2.375466252,0.986344348,2.069820075,0.556163203
114,424002.0,313367.0,386949.0,317701.0,1.266313962,0.752204206,1.119018378,0.746308012
115,660330.0,292264.0,484432.0,327615.0,1.973161878,0.701094248,1.400936849,0.768689391
116,379936.0,364109.0,257320.0,281410.0,1.135551213,0.87371788,0.744973295,0.660881673
117,190176.0,409259.0,240832.0,219735.0,0.56910042,0.981674488,0.696736337,0.516689402
118,373169.0,356007.0,281407.0,272082.0,1.117013907,0.854570559,0.813787295,0.63959121
119,995778.0,399502.0,644207.0,230966.0,2.976144465,0.957646103,1.862779846,0.541875886
120,858940.0,404525.0,365387.0,185161.0,2.566512183,0.969903274,1.056397609,0.434231469
121,561969.0,386776.0,506234.0,250467.0,1.680590943,0.927565583,1.46278564,0.587931678
122,857324.0,260655.0,499682.0,318504.0,2.559321333,0.625723125,1.444115545,0.747552195
123,506600.0,415973.0,264149.0,226708.0,1.513672119,0.997671889,0.764386795,0.532310537
124,210448.0,394722.0,193913.0,238497.0,0.62909196,0.946677021,0.560784652,0.55908382
125,356840.0,426451.0,242793.0,191846.0,1.067554122,1.022557877,0.701925165,0.450194063
126,727291.0,383431.0,553426.0,221081.0,2.171113032,0.918856367,1.598800835,0.518039759
127,686240.0,380386.0,595916.0,122049.0,2.05159977,0.911970965,1.721504593,0.28614929
128,872739.0,375067.0,611265.0,183578.0,2.607280788,0.898999376,1.76656728,0.43037751
129,611908.0,506817.0,311331.0,132505.0,1.827722205,1.214845053,0.899874885,0.310160118
130,513297.0,442935.0,185224.0,147403.0,1.534647756,1.061771832,0.535355915,0.345977009
131,573154.0,390537.0,479807.0,196383.0,1.712129046,0.937077621,1.385952631,0.460922688
132,581700.0,442989.0,387903.0,167333.0,1.740371514,1.06088682,1.120565205,0.392382493
133,1155244.0,420516.0,623184.0,156261.0,3.44869605,1.008145407,1.801166901,0.366404482
134,841376.0,308801.0,605816.0,199147.0,2.515169586,0.740684191,1.751223943,0.466578404
135,882746.0,290202.0,618048.0,213402.0,2.637281247,0.696577299,1.785789696,0.499982541
136,791123.0,364839.0,229123.0,150666.0,2.360231208,0.874784511,0.662044529,0.353122884
137,648758.0,500986.0,376696.0,124604.0,1.937302644,1.200095231,1.088227412,0.292113789
138,392736.0,448323.0,319834.0,150710.0,1.174689549,1.074254568,0.923898989,0.353131305
139,362517.0,487293.0,427813.0,128358.0,1.086019716,1.168174905,1.236261731,0.300861561
140,962163.0,429078.0,596269.0,92694.0,2.876935539,1.028390088,1.72173236,0.21698407
141,805743.0,380354.0,498526.0,111243.0,2.409195213,0.911042683,1.439861939,0.260411598
142,825949.0,378906.0,408951.0,142228.0,2.466818127,0.90815802,1.181160891,0.333360456
143,582367.0,431868.0,866126.0,134215.0,1.738244574,1.034827695,2.501681503,0.314885117
144,639242.0,503648.0,647147.0,106057.0,1.911163341,1.20675643,1.868995891,0.248438521
145,360147.0,480085.0,628607.0,138418.0,1.07911449,1.150947422,1.815043732,0.324275689
146,344971.0,503560.0,328141.0,78687.0,1.032587436,1.206727457,0.947371451,0.184580299
147,626240.0,394343.0,270967.0,298214.0,1.874716818,0.946805398,0.784669268,0.701986884
148,388736.0,367539.0,147251.0,338249.0,1.162512117,0.881698305,0.426428356,0.796791145
149,524751.0,456668.0,206635.0,251042.0,1.56844791,1.095892051,0.598559222,0.590713319
150,174444.0,324840.0,195896.0,390262.0,0.521089617,0.780281649,0.567897091,0.919516445
151,257148.0,398963.0,89259.0,305114.0,0.770731389,0.957254746,0.25844559,0.718094244
152,146838.0,343470.0,147056.0,352005.0,0.441025251,0.824375619,0.425555209,0.829511966
153,145750.0,440367.0,111156.0,268402.0,0.435892794,1.055915751,0.322254417,0.631739954
154,393177.0,476515.0,265809.0,221615.0,1.175853096,1.14296645,0.769864617,0.521622069
155,669185.0,410451.0,233051.0,276266.0,1.999625826,0.985545504,0.675379936,0.649797458
156,726082.0,412599.0,136484.0,243144.0,2.170456953,0.990314544,0.395752924,0.57213635
157,170496.0,396733.0,138108.0,292872.0,0.507750585,0.95191031,0.399582606,0.688086897
158,437131.0,489377.0,292682.0,215605.0,1.309622037,1.1735287,0.84670732,0.506604557
159,552435.0,382387.0,177390.0,290441.0,1.65074904,0.917890463,0.513019302,0.6831097
160,644083.0,429917.0,176140.0,254127.0,1.926096153,1.030936558,0.509631401,0.597693709
161,542913.0,543720.0,179822.0,161064.0,1.625481837,1.302945951,0.520218892,0.378343796
162,752467.0,362919.0,487749.0,313047.0,2.251375668,0.871078365,1.412314224,0.735513653
163,787408.0,432556.0,188606.0,258041.0,2.35766457,1.037738828,0.546455458,0.607009932
164,327819.0,467196.0,245170.0,221550.0,0.981554325,1.120917129,0.710096447,0.521417779
165,663270.0,396154.0,180295.0,271101.0,1.980848424,0.94976579,0.521721092,0.637141396
166,326631.0,469388.0,63962.0,238670.0,0.978802383,1.125655459,0.185098984,0.561012992
167,243050.0,405391.0,125845.0,270638.0,0.727640292,0.972828065,0.364494119,0.636306515
168,1127805.0,445896.0,365721.0,239949.0,3.371258478,1.070073105,1.057918392,0.562727563
169,801940.0,535849.0,264798.0,143005.0,2.398259649,1.284503864,0.765745569,0.335965236
170,1080189.0,480298.0,203458.0,179012.0,3.232206744,1.15218572,0.588345137,0.420363725
171,780923.0,499344.0,212861.0,185015.0,2.338011831,1.197672537,0.615640063,0.434215546
172,357820.0,459391.0,54225.0,132002.0,1.071312891,1.102277156,0.157168971,0.309666259
173,239189.0,506865.0,139344.0,195485.0,0.715926759,1.215207147,0.402969423,0.458856474
174,212482.0,520322.0,163453.0,156517.0,0.635845545,1.247721259,0.472660472,0.367487491
175,2210561.0,460835.0,445748.0,148386.0,6.604776291,1.10551315,1.289488087,0.347998447
176,2300731.0,483017.0,408811.0,136473.0,6.870997758,1.15881748,1.181433746,0.32002242
177,1221167.0,448037.0,178023.0,151024.0,3.649019823,1.07496049,0.515022114,0.354652672
178,1222991.0,522040.0,185324.0,146466.0,3.661982982,1.250188595,0.535647793,0.343377157
179,1033369.0,429679.0,461824.0,195556.0,3.092687715,1.030896794,1.335295178,0.458752947
180,359951.0,557729.0,170013.0,117913.0,1.076387493,1.337487346,0.491367924,0.276217803
181,709552.0,526411.0,248250.0,161747.0,2.125268109,1.26092549,0.717426711,0.379530826
182,1327278.0,535727.0,422272.0,95732.0,3.971284119,1.284226348,1.220747324,0.224405262
183,2744378.0,480839.0,295392.0,131337.0,8.198680854,1.153357378,0.854110689,0.308149969
184,1796662.0,485267.0,372697.0,78135.0,5.371197153,1.163627092,1.077153932,0.183099428
185,1038528.0,591197.0,105669.0,98742.0,3.101861964,1.416785776,0.305367372,0.231421549
186,1015015.0,502209.0,264329.0,97211.0,3.034257294,1.20415074,0.763776607,0.228003698
187,1553110.0,499525.0,143228.0,79239.0,4.643576289,1.197355811,0.414021952,0.185868691
188,1193338.0,426600.0,278818.0,136814.0,3.563763555,1.023635184,0.806225282,0.320970646
189,1423598.0,512410.0,208663.0,78380.0,4.256572479,1.228174772,0.603278411,0.183387143
190,1878953.0,517775.0,212008.0,52705.0,5.611308999,1.241027881,0.612825716,0.123633575
191,1864161.0,489810.0,324322.0,99918.0,5.567974941,1.174554843,0.937858412,0.234326391
192,1132170.0,578966.0,228729.0,107991.0,3.382224411,1.387525597,0.660971385,0.253101934
193,2268455.0,534033.0,360901.0,127736.0,6.773884131,1.280360424,1.042347431,0.299017005
194,1127949.0,511254.0,297097.0,83426.0,3.374289561,1.225853064,0.858725012,0.195422105
195,947168.0,574685.0,147165.0,73500.0,2.827093917,1.377886711,0.42495804,0.172075367
196,431980.0,504480.0,173037.0,201518.0,1.291458813,1.210575228,0.502053738,0.475238492
197,360695.0,357455.0,288734.0,340656.0,1.082582937,0.858919528,0.836724622,0.803169934
198,314551.0,390546.0,157803.0,315490.0,0.940281162,0.937878174,0.457067505,0.743861821
199,581721.0,391397.0,156244.0,312268.0,1.737472044,0.940061932,0.45310358,0.735575842
200,295991.0,294390.0,196679.0,406834.0,0.886149216,0.706952823,0.569816581,0.957326382
201,223345.0,384498.0,80059.0,309942.0,0.669795078,0.923149545,0.232274438,0.729918701
202,86460.0,539042.0,86579.0,176647.0,0.258911472,1.292500798,0.250874659,0.416354328
203,665338.0,478873.0,315709.0,233027.0,1.994682798,1.148955479,0.91424309,0.548074924
204,513448.0,516079.0,217239.0,190402.0,1.536520752,1.238408471,0.628555626,0.447930356
205,749716.0,453709.0,216870.0,260547.0,2.245535043,1.088754104,0.628406022,0.612770057
206,280636.0,460724.0,121317.0,246449.0,0.841157718,1.10554408,0.351700281,0.579870289
207,237569.0,453160.0,144304.0,243743.0,0.713161506,1.087883747,0.417930746,0.572868167
208,144458.0,452263.0,123988.0,247990.0,0.434720232,1.085660801,0.359105099,0.582954746
209,258570.0,457058.0,138899.0,246470.0,0.773320974,1.097626594,0.402046669,0.578727851
210,675716.0,543708.0,109681.0,150728.0,2.019228087,1.304621181,0.317435093,0.354193159
211,584570.0,511449.0,268014.0,195068.0,1.750806267,1.226607276,0.775592292,0.45850524
212,924224.0,490180.0,296831.0,208899.0,2.768793342,1.175866577,0.859433998,0.490811595
213,1188333.0,495462.0,407489.0,183070.0,3.558344862,1.188622149,1.178622115,0.430503332
214,664189.0,513800.0,221239.0,165668.0,1.990156656,1.231780921,0.640018361,0.389603014
215,657512.0,466446.0,234718.0,225604.0,1.963622916,1.119069534,0.678689183,0.529542317
216,553384.0,547122.0,136642.0,140255.0,1.654424613,1.311997386,0.395757725,0.329872113
217,1215640.0,482905.0,369071.0,192578.0,3.63882606,1.158734522,1.067982574,0.452372462
218,1785110.0,467411.0,205065.0,169567.0,5.332975911,1.121818915,0.593686167,0.397562535
219,1580242.0,482849.0,170649.0,184062.0,4.722758175,1.159012402,0.493675347,0.432170881
220,314338.0,573098.0,59610.0,102512.0,0.941212791,1.375411873,0.172316241,0.240800439
221,1335279.0,518058.0,247373.0,179951.0,3.997617972,1.243214409,0.715640674,0.423200202
222,631783.0,542873.0,26415.0,118195.0,1.893230511,1.302136708,0.076426875,0.277293819
223,455121.0,515512.0,101126.0,175824.0,1.364756802,1.236674738,0.292746301,0.412755081
224,1291313.0,591500.0,243388.0,95174.0,3.867513723,1.417563448,0.703304351,0.223182842
225,1210355.0,595958.0,233275.0,112604.0,3.61650852,1.429071973,0.674373527,0.263989092
226,1623674.0,616366.0,74515.0,40981.0,4.857062253,1.477448801,0.215573033,0.096325104
227,370195.0,614568.0,65496.0,73134.0,1.108356291,1.473633402,0.189329895,0.1715072
228,2406088.0,531058.0,458930.0,117229.0,7.189300554,1.274479073,1.326633655,0.275378816
229,991242.0,458433.0,42735.0,113731.0,2.959820178,1.100144724,0.123570771,0.266466122
230,561744.0,547294.0,146443.0,152580.0,1.681917585,1.312188824,0.423622139,0.357725118
231,1625393.0,610200.0,210815.0,74248.0,4.865824005,1.462426986,0.609725017,0.173887208
232,3727898.0,540744.0,220552.0,91093.0,11.13732,1.296623718,0.637319387,0.213544934
233,2809284.0,520877.0,253239.0,65972.0,8.393464992,1.24969897,0.731472717,0.154758188
234,2946974.0,521305.0,257800.0,115027.0,8.80990671,1.250633057,0.745140761,0.270148617
235,2938567.0,490396.0,679478.0,112624.0,8.780558916,1.176063446,1.964329321,0.264035917
236,1790620.0,508443.0,169689.0,79248.0,5.354084346,1.219938693,0.490354215,0.186099719
237,1002255.0,601906.0,179201.0,110754.0,2.9963001,1.442682641,0.518287585,0.259819709
238,2203447.0,587807.0,209643.0,77300.0,6.58482948,1.408657147,0.605580057,0.181063899
239,1891170.0,505692.0,119528.0,69985.0,5.661811062,1.212765405,0.345959602,0.163748992
240,2381738.0,593347.0,166242.0,75247.0,7.114134891,1.42242623,0.480705384,0.176279785
241,3453488.0,550862.0,291011.0,115828.0,10.315662036,1.321263937,0.841202683,0.271455174
242,2705258.0,611721.0,374892.0,36576.0,8.089753134,1.465842288,1.082972814,0.085889089
243,2506612.0,613911.0,225952.0,55893.0,7.496745012,1.471868982,0.652894697,0.130931645
244,1120699.0,577096.0,228381.0,68811.0,3.353234796,1.383144212,0.659876619,0.161285389
245,404681.0,279381.0,312045.0,413756.0,1.211032038,0.671308377,0.903557196,0.975111503
246,316104.0,450735.0,194823.0,255699.0,0.949678104,1.081897308,0.564689415,0.603108755
247,935140.0,337439.0,269728.0,360502.0,2.800458249,0.810161863,0.782032415,0.849010878
248,539325.0,478587.0,170103.0,228916.0,1.612614291,1.149700965,0.493092369,0.539412083
249,226513.0,398504.0,82654.0,292368.0,0.678340845,0.957088711,0.239467037,0.68830243
250,437000.0,400314.0,90091.0,304899.0,1.308665994,0.961228107,0.261167222,0.717657883
251,299445.0,434992.0,128024.0,281418.0,0.898853853,1.04411735,0.371275201,0.663023445
252,835191.0,524376.0,183100.0,154788.0,2.496456312,1.257703239,0.530305535,0.36475583
253,798014.0,458903.0,178531.0,259382.0,2.391052314,1.100870845,0.516839486,0.61056155
254,402027.0,448885.0,184497.0,238415.0,1.206434916,1.077106184,0.53451705,0.561609279
255,118530.0,496691.0,68368.0,198075.0,0.35662665,1.192046326,0.198058517,0.466274757
256,267912.0,486363.0,99663.0,200533.0,0.801726063,1.166234466,0.288954642,0.472105811
257,170775.0,511266.0,92079.0,204508.0,0.512281176,1.227090996,0.266377713,0.481498658
258,303845.0,480037.0,75982.0,214539.0,0.91119999,1.152431726,0.220046069,0.505012066
259,1472438.0,501638.0,208354.0,194929.0,4.407519189,1.203273922,0.603508352,0.458116679
260,1136615.0,499906.0,192624.0,180034.0,3.402906912,1.200710522,0.5581905,0.424755497
261,476452.0,564973.0,132023.0,131623.0,1.428178254,1.3563998,0.382663573,0.309460805
262,595011.0,504830.0,126686.0,202466.0,1.779838437,1.210992205,0.367115779,0.47707955
263,470655.0,527771.0,101512.0,174142.0,1.410079812,1.266203626,0.293713484,0.40995767
264,220600.0,552511.0,71112.0,123783.0,0.662396556,1.326678728,0.205879536,0.29164136
265,1062535.0,505029.0,123492.0,203927.0,3.184040997,1.211672283,0.357585717,0.479371956
266,1823562.0,431166.0,351910.0,226107.0,5.457787743,1.035537933,1.018783922,0.531288114
267,1451964.0,573037.0,205720.0,113061.0,4.349051652,1.374660011,0.59527097,0.265509575
268,2249045.0,470061.0,248902.0,203364.0,6.723591075,1.128994806,0.720221786,0.477279183
269,1057488.0,625313.0,194568.0,81759.0,3.166453329,1.500147508,0.562841169,0.191903555
270,1431535.0,572888.0,398990.0,108017.0,4.287939957,1.373806882,1.154380993,0.254118894
271,1058589.0,544122.0,113112.0,144294.0,3.172875426,1.305906198,0.327369528,0.338855835
272,366644.0,629565.0,45066.0,68837.0,1.099994907,1.509798873,0.130630392,0.161564553
273,2142670.0,570150.0,414633.0,101182.0,6.412008348,1.368225408,1.199582025,0.237511012
274,1084771.0,569595.0,58908.0,127066.0,3.250295772,1.366289415,0.170660901,0.297953892
275,1454534.0,536849.0,271269.0,125289.0,4.348495731,1.288919917,0.784322604,0.293984533
276,1619161.0,573287.0,136439.0,65677.0,4.843795212,1.375239457,0.395046619,0.154192067
277,1010759.0,624667.0,48050.0,73986.0,3.021181455,1.498651871,0.139007797,0.173372733
278,780325.0,619362.0,64508.0,51920.0,2.330015058,1.485774495,0.1867825,0.121841912
279,1375881.0,555654.0,43893.0,100009.0,4.113809463,1.332589485,0.127248474,0.234562762
280,4055361.0,608263.0,188173.0,56738.0,12.11424516,1.459057271,0.544173275,0.133245425
281,2316192.0,606748.0,168261.0,76400.0,6.918325728,1.454271749,0.486902217,0.179040663
282,1889409.0,575298.0,171086.0,84020.0,5.654402571,1.379821569,0.494389216,0.196871166
283,480154.0,593360.0,81984.0,85136.0,1.439753652,1.422966694,0.237174396,0.199509169
284,2077541.0,549919.0,234778.0,110188.0,6.211701075,1.319274029,0.679067105,0.258566108
285,2540191.0,524935.0,84668.0,86010.0,7.592873667,1.259090102,0.244731859,0.20191952
286,1551500.0,579981.0,109678.0,66603.0,4.642209588,1.390793082,0.317185724,0.156093237
287,3891215.0,588009.0,187440.0,49116.0,11.638702119,1.41017493,0.541607343,0.115224524
288,3397661.0,604536.0,227323.0,54546.0,10.165882305,1.449938631,0.65697002,0.127742542
289,2757098.0,542228.0,254021.0,76694.0,8.254776297,1.300567729,0.733817671,0.179671008
290,2964323.0,634290.0,195057.0,35638.0,8.868011226,1.520214321,0.563374239,0.08359952
291,1969368.0,562887.0,153045.0,89805.0,5.893256148,1.349615181,0.442453566,0.210282915
292,1267665.0,562428.0,78855.0,86203.0,3.785924898,1.348960905,0.227908209,0.202184097
293,666077.0,625207.0,86002.0,51808.0,1.995069519,1.499196857,0.248808668,0.121349022
294,587871.0,523311.0,239493.0,188127.0,1.756815108,1.256248563,0.694638351,0.443669852
295,343856.0,429551.0,189690.0,280717.0,1.031822214,1.031416201,0.5493372,0.66062954
296,656952.0,439484.0,62598.0,274704.0,1.97006139,1.055054908,0.181656915,0.648243608
297,373199.0,368026.0,204960.0,346546.0,1.117960968,0.883809299,0.594041742,0.816340526
298,477102.0,503014.0,47450.0,200378.0,1.426883382,1.207851155,0.137706433,0.472726625
299,484566.0,323055.0,75409.0,386650.0,1.451871642,0.776143926,0.218481731,0.910689116
300,218366.0,486653.0,113149.0,217960.0,0.6546735,1.168229701,0.32762111,0.514634035
301,838504.0,466837.0,186376.0,231430.0,2.50956273,1.121514743,0.540208784,0.545581539
302,447250.0,557860.0,153970.0,152393.0,1.337998167,1.338130415,0.445698263,0.358572325
303,716008.0,516380.0,170699.0,185931.0,2.138657922,1.239931525,0.494756029,0.437611241
304,439833.0,539326.0,68124.0,171318.0,1.318228551,1.294045211,0.197494488,0.403141158
305,597075.0,412954.0,225408.0,299505.0,1.785149472,0.991472159,0.652383153,0.704788766
306,886509.0,466520.0,143467.0,245843.0,2.65260741,1.119423517,0.4153157,0.579127071
307,411073.0,457413.0,159107.0,245958.0,1.230769572,1.098193398,0.46079506,0.578769473
308,1635008.0,554301.0,255882.0,134759.0,4.890943119,1.331082378,0.740973498,0.317518136
309,2233073.0,505766.0,237159.0,186630.0,6.683419569,1.213851766,0.68667804,0.438871062
310,1166128.0,513832.0,302576.0,192996.0,3.497337582,1.233106625,0.876162847,0.453655423
311,496395.0,574993.0,61506.0,131569.0,1.489139469,1.379174033,0.178671555,0.309079476
312,1554431.0,495228.0,183513.0,202147.0,4.65408393,1.188854802,0.531048105,0.47571006
313,521490.0,554896.0,50938.0,111280.0,1.563244962,1.33159283,0.147438284,0.261968043
314,354511.0,489725.0,136430.0,219447.0,1.063621182,1.175218915,0.394891285,0.515784255
315,1366474.0,595273.0,151618.0,102645.0,4.094001603,1.428074714,0.439094573,0.241181129
316,921174.0,602334.0,185325.0,107062.0,2.759979435,1.444926162,0.536470698,0.25133299
317,1013990.0,597229.0,119842.0,99802.0,3.037732695,1.433129927,0.34737461,0.235144457
318,1773614.0,574047.0,282571.0,123778.0,5.307334152,1.377833448,0.817840826,0.290603561
319,704355.0,575963.0,128729.0,105524.0,2.108562069,1.381820263,0.372642004,0.248308226
320,2167174.0,455067.0,155463.0,185161.0,6.481351761,1.092445542,0.45014688,0.434811733
321,676468.0,576316.0,93149.0,92013.0,2.025745893,1.382598851,0.269546776,0.216572667
322,5068597.0,473567.0,356268.0,215248.0,15.171846882,1.136017654,1.031051637,0.505178345
323,1670938.0,599121.0,224203.0,45898.0,5.002395756,1.437181713,0.647747042,0.108054971
324,2361069.0,587554.0,222066.0,87498.0,7.068002871,1.410658946,0.642032682,0.205445895
325,1075639.0,610872.0,94399.0,86456.0,3.216054279,1.465397022,0.273270068,0.2028963
326,1001398.0,635433.0,89159.0,47154.0,2.992529892,1.524847884,0.258163489,0.110415108
327,1034659.0,552958.0,51124.0,88353.0,3.093417594,1.32645443,0.147956291,0.206888892
328,856752.0,558494.0,63856.0,117157.0,2.566027833,1.339101244,0.184724648,0.274934232
329,1840390.0,632271.0,200358.0,46535.0,5.511825951,1.516695636,0.579275997,0.109209783
330,2110006.0,605099.0,277241.0,87090.0,6.321437214,1.451017417,0.801889369,0.204495588
331,4178265.0,553357.0,255012.0,99968.0,12.506520726,1.327864916,0.737883369,0.234759953
332,2015909.0,553856.0,243554.0,101769.0,6.03560391,1.327928242,0.705036019,0.23812312
333,3431315.0,548453.0,174124.0,90150.0,10.255713057,1.315541638,0.503560217,0.211787725
334,1135664.0,623851.0,136397.0,54918.0,3.396548208,1.496823986,0.394612066,0.128774622
335,1363217.0,593496.0,57971.0,83906.0,4.075662174,1.423165218,0.1677604,0.196723782
336,4249248.0,609420.0,311446.0,55514.0,12.722465106,1.461805035,0.900937145,0.130346396
337,2888237.0,595358.0,161387.0,39100.0,8.643282651,1.427904388,0.466821469,0.091841368
338,4130575.0,567888.0,116792.0,103555.0,12.347452143,1.3625034,0.338189179,0.242643322
339,4483624.0,519349.0,295021.0,104265.0,13.398380958,1.246312472,0.853609934,0.244550895
340,2884034.0,531855.0,285059.0,113994.0,8.632866006,1.275474066,0.823906948,0.267079771
341,4361526.0,516152.0,221504.0,78953.0,13.066424859,1.237943548,0.640680637,0.185312881
342,5400454.0,530898.0,357468.0,61464.0,16.139731308,1.273441572,1.033544811,0.144088878
343,337492.0,110896.0,461153.0,510782.0,1.006805994,0.266104781,1.335285004,1.201739178
344,214181.0,11232.0,583705.0,624070.0,0.639307581,0.027031092,1.689548483,1.468313176
345,131994.0,53199.0,609783.0,608700.0,0.394382754,0.1279032,1.764584976,1.433663515
346,449746.0,0.0,560600.0,597805.0,1.341273627,0.0,1.622766736,1.407604125
347,79986.0,84562.0,574324.0,561146.0,0.240041052,0.20309153,1.662664625,1.322298775
348,238304.0,16911.0,485534.0,625678.0,0.712124505,0.040617858,1.40615884,1.471379001
349,46899.0,153678.0,401258.0,472422.0,0.140444208,0.368475036,1.162138999,1.111876768
350,255129.0,0.0,482249.0,641809.0,0.762574764,0.0,1.396510462,1.510947767
351,199794.0,63969.0,601545.0,575742.0,0.597321438,0.153658287,1.739968578,1.355449441
352,129432.0,15419.0,385469.0,624072.0,0.38552928,0.037100626,1.116972226,1.46945792
353,186892.0,18654.0,404077.0,584047.0,0.557840859,0.044763912,1.170162239,1.3742078
354,309380.0,27912.0,416597.0,611933.0,0.923633562,0.067116774,1.206696769,1.44069498
355,147121.0,97027.0,336981.0,539015.0,0.439186107,0.232890188,0.976566939,1.269285188
356,134090.0,73782.0,432598.0,538856.0,0.400152771,0.1773306,1.252162532,1.269653804
357,184227.0,129524.0,445716.0,489686.0,0.54981945,0.310583485,1.290324273,1.152287698
358,377296.0,5400.0,402152.0,629045.0,1.126205907,0.012996306,1.164945256,1.481001099
359,154528.0,115494.0,352784.0,532058.0,0.461457606,0.277059075,1.022421052,1.251731908
360,441100.0,7344.0,368885.0,629959.0,1.31740491,0.017673516,1.068369502,1.482536121
361,143383.0,0.0,464212.0,633514.0,0.428675376,0.0,1.343433884,1.493062737
362,87783.0,51593.0,391825.0,609708.0,0.262061094,0.123917896,1.13490107,1.43393562
363,88464.0,112333.0,344471.0,529218.0,0.264418956,0.269450564,0.997389895,1.244724256
364,29205.0,79596.0,304311.0,546514.0,0.08700864,0.191152119,0.880277706,1.286483502
365,115316.0,182502.0,407363.0,467220.0,0.344341722,0.437223345,1.178593333,1.100454574
366,225904.0,100940.0,315578.0,544268.0,0.673910706,0.242361055,0.913397443,1.280971684
367,279559.0,17376.0,379269.0,629675.0,0.8354325,0.041745024,1.098283023,1.482244528
368,254077.0,112448.0,616587.0,501016.0,0.758339187,0.270308338,1.784857623,1.178262668
369,367354.0,134686.0,498496.0,443455.0,1.096090392,0.323210108,1.443246473,1.042068568
370,367176.0,175903.0,641200.0,439588.0,1.097308986,0.42178511,1.85545223,1.033487418
371,467339.0,131865.0,599942.0,470606.0,1.39378434,0.316409319,1.736440216,1.106789706
372,208644.0,88082.0,615884.0,514912.0,0.624397896,0.211186648,1.781969098,1.211222063
373,306596.0,14392.0,723224.0,627240.0,0.914009517,0.03458618,2.092083775,1.474796198
374,480237.0,27900.0,695455.0,559305.0,1.434152079,0.067086498,2.011308491,1.314574574
375,541340.0,128665.0,655721.0,483414.0,1.616679942,0.308073707,1.897243237,1.137639328
376,467331.0,91456.0,505628.0,538371.0,1.395052119,0.219508058,1.463816344,1.266625459
377,680926.0,6336.0,521067.0,559073.0,2.033835291,0.01522944,1.507971651,1.314441739
378,590293.0,74403.0,562983.0,476085.0,1.761273723,0.178769214,1.629445017,1.118566452
379,493849.0,21025.0,557881.0,555865.0,1.472334369,0.050550764,1.613961095,1.307067546
380,511496.0,5760.0,528540.0,585240.0,1.527292041,0.013854528,1.529574687,1.376156062
381,242530.0,105319.0,518764.0,534946.0,0.723815832,0.252692738,1.501490108,1.257041892
382,180508.0,26128.0,525990.0,538628.0,0.539815824,0.06284711,1.522338339,1.26692901
383,114760.0,101649.0,511495.0,493960.0,0.343330851,0.243877311,1.48012556,1.161605671
384,428760.0,35602.0,482793.0,560588.0,1.279580835,0.085530305,1.397522319,1.317950771
385,346214.0,6318.0,487506.0,588339.0,1.034467572,0.01519749,1.41095163,1.383879517
386,71698.0,297189.0,364116.0,373132.0,0.213456207,0.711806316,1.054091853,0.876368102
387,173079.0,105978.0,522982.0,491134.0,0.516376587,0.25431372,1.513251596,1.154791488
388,528118.0,54842.0,470157.0,583505.0,1.575614265,0.131594551,1.360957281,1.372462419
389,355697.0,38345.0,439553.0,561726.0,1.059794157,0.092084866,1.27208947,1.319892083
390,87595.0,125373.0,384486.0,477352.0,0.261094182,0.301145274,1.11198711,1.121021285
391,526438.0,118630.0,382698.0,511668.0,1.570883784,0.284712596,1.107633774,1.202519976
392,146922.0,55778.0,405041.0,542487.0,0.440400396,0.133932616,1.172089822,1.275262535
393,152553.0,127444.0,380359.0,488167.0,0.45586668,0.305666207,1.100432906,1.147801244
394,134881.0,205709.0,320813.0,367988.0,0.402755889,0.493018783,0.92876221,0.865221916
395,201632.0,75333.0,442901.0,501299.0,0.603554748,0.181045929,1.281366058,1.178892178
396,570047.0,169727.0,685259.0,438025.0,1.704296562,0.406696489,1.982851546,1.029057942
397,749579.0,103428.0,869388.0,483278.0,2.2395144,0.248319468,2.512897113,1.134923273
398,398947.0,156638.0,659226.0,449362.0,1.192199646,0.375501808,1.907445969,1.055836738
399,396616.0,223527.0,723151.0,409078.0,1.184287518,0.535822479,2.091909755,0.960702866
400,553286.0,134701.0,803613.0,392513.0,1.65167901,0.323245118,2.322922953,0.922407349
401,478941.0,241173.0,613750.0,359860.0,1.43076651,0.578318691,1.775555141,0.844630187
