Model_ID,Density_Factor,Height,Number_People,Land_Area_km2,WLC_MtCO2,Plot_Area_m2,Street_Area_m2,Green_Area_m2,NDLR_WLC,NDHR_WLC,DLR_WLC,DHR_WLC,HOUSE_WLC,NDLR_Total,NDHR_Total,DLR_Total,DHR_Total,HOUSE_Total
9,36.88,17.81,19965,0.771033,4.13226075864,512457.75,251701.75,6873.5,1.628316038,0.838123497,1.269965706,0.163890563,0.231903272,119,9,249,7,35,
10,35.24,17.22,19953,0.814952,3.84401953916,522816.5,251927,40208.5,1.386402657,0.794980752,1.301016195,0.056051609,0.30550313,90,8,263,4,45,
11,35.02,17.16,19993,0.738582,3.46633865756,469508.5,215000.75,54072.750000000015,1.338230363,0.462527418,1.413769033,0.076445977,0.17530678,92,4,280,4,27,
12,35.93,17.94,19980,0.583745,3.0727953225999998,382832.5,145859.75,55052.75,0.965694364,0.439341528,1.331322957,0.23637372,0.100016054,71,3,250,10,16,
13,34.1,16.57,19961,0.73228,3.0524685724,460646.25,194868,76765.75,1.141138334,0.245612499,1.275788802,0.165831437,0.224038918,90,4,260,9,40,
14,33.4,16.59,19971,0.826331,3.65618085048,501381.25,212277.5,112672.25,1.262641164,0.73009287,1.363293482,0.035065428,0.2650218,83,7,278,2,36,
15,29.68,17.17,19954,0.69825,2.640766649,384492.5,200358.5,113399,0.604800214,0.371382606,1.312731871,0.163655194,0.188140904,48,4,254,7,25,
16,33.77,17.05,19952,0.872313,3.65879281904,533260.75,315875.25,23177,1.73052242,0.264851724,1.289066539,0.090534625,0.283747726,119,4,236,6,42,
17,37.64,17.66,19973,0.75579,3.7174199361999998,490394,239835,25561,1.463558519,0.580768173,0.892338396,0.363734893,0.416959492,90,5,158,17,57,
18,34.64,18.27,19960,0.68558,3.3829055554000003,434712.75,213947,36920.250000000015,1.423534144,0.287809953,1.042393194,0.407283278,0.22183014,83,3,178,12,35,
19,33.09,18.34,19951,0.797597,3.85106370476,484612.50000000006,261111.7499999999,51872.75000000004,1.340460435,0.841839108,1.052769726,0.306935172,0.308995456,92,9,192,13,41,
20,33.72,17.72,19955,0.727302,3.13398832216,445234.75,192798.00000000006,89269.24999999996,1.103081777,0.363276564,1.051375934,0.235962927,0.380232936,67,5,182,10,50,
21,31.869999999999997,17.79,19951,0.815028,3.5097205792399997,463589.25,247923.99999999994,103514.75000000004,1.305917633,0.538441173,1.156296005,0.184812832,0.324187734,83,6,189,8,48,
22,31.900000000000002,17.91,19952,0.790327,3.4359262451599997,447791.5,227487.75,115047.75,1.229593212,0.539163072,1.132100349,0.243216602,0.291789784,77,5,201,9,39,
23,35.449999999999996,19.63,19980,0.945945,6.1253318466,595723.5,336502.75,13718.75,2.097415448,2.353235283,0.976775901,0.456048751,0.241780788,119,22,170,15,34,
24,37.49,17.90,20034,0.8473,4.582673721,558144.5,257117,32038.500000000004,1.748024142,1.157014971,0.923369707,0.359965137,0.39423198,111,11,144,14,58,
25,34.870000000000005,18.88,19992,0.859328,4.658796028239999,551061.25,258001.5,50265.25,1.806949966,1.178170641,0.99328009,0.363604125,0.31672246,104,11,145,13,43,
26,36.66,18.41,19950,0.835793,4.455907991439999,548221.25,215389.75,72182,1.50612225,1.279362147,0.896462789,0.336887228,0.437006714,88,14,148,12,54,
27,35,18.90,20029,0.794691,4.0011685552800005,500471.5,217966.5,76253,1.208118202,1.113381795,0.81589129,0.448775167,0.414938526,67,14,128,15,53,
28,32.81,20.24,19987,0.849981,4.40141398548,495741.25,239118,115121.75,1.536745625,1.186048728,0.780108212,0.551860304,0.346583118,80,12,122,20,45,
29,30.049999999999997,17.86,19952,0.923508,3.90559579864,499929.75,301969.99999999994,121608.25000000004,1.326873344,0.908228916,0.969824341,0.352416595,0.348178722,77,9,159,11,51,
30,32.65,20.54,19960,1.130967,6.8784243073599995,661107.4999999999,411981.2500000001,57878.250000000015,2.499030034,2.712366657,1.193692581,0.243648404,0.229596154,119,25,165,10,31,
31,33.52,17.36,19956,1.180255,5.167923829399999,684833.5,439979.5,55441.99999999998,2.136015354,1.359966372,0.654396625,0.27313225,0.744318808,113,14,96,10,103,
32,38.49,19.64,19951,0.892782,5.507319674560001,605408.25,236774.99999999997,50598.75000000002,1.531254547,2.302322043,0.704857795,0.430356403,0.538457464,80,22,102,15,70,
33,33.050000000000004,18.97,19951,1.06144,5.1387432242,622119.5,346963.5,92357,1.988596843,1.478101533,0.792544265,0.363878312,0.515537356,101,16,114,13,71,
34,26.840000000000003,19.42,19953,1.250676,5.58288297808,592632.75,431791.5,226251.75,1.994653198,1.918274577,0.954247493,0.331927614,0.383680042,94,17,126,11,54,
35,31.669999999999998,18.56,19955,0.990512,4.80311918396,558698.75,273151,158662.25,1.731679178,1.398951429,0.910080909,0.405010363,0.357318064,83,17,138,14,54,
36,27.800000000000004,18.44,19950,1.08417,4.2390731766,545503,310281.25,228385.75,1.505461572,1.063901781,0.954369699,0.310555155,0.404698236,82,14,137,11,61,
37,36.99,20.59,19952,1.024973,6.34660299184,674295.25,318218.5,32459.25000000003,2.699023799,1.971581502,0.695888125,0.538651346,0.441376222,115,21,89,21,57,
38,35.42,19.99,19950,1.095081,6.03397554548,671726.25,384136.5,39218.25,2.053592598,2.304860226,0.516906522,0.454603019,0.703925574,103,23,67,16,90,
39,34.82,20.28,19968,1.042503,6.05488728924,644117.75,328931.25,69454.00000000001,2.0485492,2.333837895,0.864223154,0.349814938,0.458378702,95,23,113,14,60,
40,32.71,20.16,19957,1.042875,5.179514636,596960.75,374664.5,71249.75,1.945642975,1.560521451,0.72515855,0.411526746,0.536581484,93,17,83,14,59,
41,34.32,19.42,19957,1.016007,5.2425785975600006,614495.25,309800.25,91711.5,1.892214087,1.676065218,0.651859547,0.424300867,0.598057598,92,19,84,12,72,
42,31.75,18.13,20011,1.07844,4.9127458181999994,588984.25,350934.5,138521.25,1.880422114,1.353855546,0.680996617,0.411529902,0.585855364,84,14,87,11,83,
43,31.39,19.10,19960,1.204378,5.77863621424,656220.5,334857.25,213300.25000000003,1.841324578,2.269137087,0.860925341,0.156004694,0.651148164,76,20,120,7,84,
44,35.730000000000004,19.91,19951,1.296025,7.677453205,817215.25,386518.75,92291,2.983898139,3.020746962,0.532451514,0.329538258,0.81071465,119,25,76,12,96,
45,31.430000000000003,19.78,19953,1.382213,7.18717676504,754690.25,478587.00000000006,148935.74999999994,2.731920463,2.779105989,0.608630478,0.488417864,0.578991394,112,24,78,17,85,
46,30.78,19.65,19951,1.320734,6.46988246272,709885.25,433459.75,177389,2.536912272,2.260344039,0.709295232,0.388232479,0.574992782,106,21,91,13,66,
47,33.31,19.47,19963,1.163079,5.826509972319999,679748.5,369398,113932.5,2.095834537,2.056676007,0.654592505,0.374433821,0.644880056,95,20,73,13,78,
48,32.14,18.85,19985,1.180476,5.3056676420799995,651320,371815.5,157340.5,1.939622223,1.683755004,0.322634829,0.564562044,0.794999104,87,16,41,15,103,
49,30.930000000000003,20.73,19959,0.920999,4.29537008092,505927.75,261222.7499999999,153848.5000000001,1.143290073,1.472879754,0.557323184,0.636667818,0.485135572,59,16,70,18,51,
50,26.19,19.27,19981,1.37408,5.5898720943999995,617676.75,467444.75,288958.5,1.870896595,2.041604982,0.590932796,0.456038291,0.630289504,76,20,73,14,78,
51,33.85,19.68,20015,1.290959,6.82943974572,772736.25,437226,80996.75,2.579427476,2.575648773,0.727951476,0.217943646,0.728365098,119,25,73,8,87,
52,35.31,18.65,19951,1.333321,6.78750466568,801750.75,373482.25,158088,2.729837686,2.385047928,0.474917561,0.291253795,0.90634103,107,24,53,9,113,
53,32.4,19.81,19952,1.247752,6.1324723171599995,716978.25,434188.25,96585.5,2.422571487,2.040514785,0.738711358,0.240999135,0.689575732,101,24,82,10,83,
54,33.78,20.88,20025,1.115212,6.30446269596,664508.25,354935.5,95768.25,2.311311742,2.312351994,0.655612291,0.472882118,0.552215334,94,22,66,14,69,
55,28.77,18.71,19952,1.486451,5.91600889108,734065.75,487299.5,265085.75,2.281701732,1.959918366,0.328436789,0.336669054,1.009164034,89,19,39,10,123,
56,31.15,16.67,19951,1.304844,4.65010677652,693193.75,414615.75,197034.5,1.376243586,1.602673611,0.396204842,0.17775414,1.09712621,61,15,41,6,136,
57,29.26,19.62,19954,1.207477,5.15801183916,611315,371363.75,224798.25,1.573785625,1.905724083,0.370299417,0.552031836,0.75607428,60,20,47,13,89,
58,32.73,21.47,19954,0.624105,3.9034914214,379495,235001.5,9608.5,1.126246014,1.104125667,1.033384969,0.524349341,0.115335502,78,10,186,17,16,
59,34.48,21.67,19972,0.548875,3.474118405,359554.75,168402.75,20917.500000000004,0.862434604,0.937313625,1.018302456,0.50731924,0.14870457,55,7,187,21,23,
60,33.050000000000004,20.34,19961,0.480462,2.48038745096,295700.25000000006,152903.74999999997,31857.999999999978,0.732837323,0.074563416,1.082979192,0.500800699,0.089168384,48,1,186,17,13,
61,32.35,19.80,19958,0.700826,3.58016342608,414009,225360,61457,1.302607287,0.611150997,1.242469133,0.242489509,0.181390434,79,7,226,11,24,
62,29.84,22.48,20014,0.450495,2.4349639426,252945.5,118196.25,79353.25,0.549116284,0.201185241,0.822079516,0.785315254,0.077231608,38,2,132,24,13,
63,30.959999999999997,19.25,19950,0.542862,2.25177705196,318577.00000000006,139450.74999999988,84834.25000000004,0.499477223,0.082769334,1.138528573,0.383431001,0.147527492,37,1,225,16,20,
64,28.92,20.27,19952,0.564846,2.39809270168,306840.00000000006,142696.9999999999,115309.00000000003,0.640893991,0.08378328,0.969105245,0.524085306,0.180179692,48,1,180,19,25,
65,35.36,22.04,20015,0.831369,5.733644211520001,538590.5000000001,276849.9999999999,15928.499999999998,1.991908159,2.066557689,1.085699402,0.388359228,0.201053224,119,20,174,17,29,
66,37.19,24.45,19953,0.536137,3.95360227296,364485.25,150012.49999999997,21639.25000000002,1.105073545,1.171080309,0.798920202,0.680685546,0.19779978,63,12,118,22,25,
67,33.17,20.85,19974,0.652632,3.5554434755599997,387153.25,226562,38916.75,0.877567458,1.002204402,0.873963348,0.507166997,0.29448906,55,8,144,18,36,
68,34.22,21.72,19954,0.666542,4.0183321243600005,417789,173162.75,75590.25,1.186962308,1.15688943,0.889585868,0.539798509,0.245042686,73,13,154,22,30,
69,31.16,20.18,19950,0.726412,3.54616375796,416133.75,209360,100918.25,1.287094151,0.589564728,1.122578859,0.365635337,0.18123257,73,7,195,16,26,
70,27.74,23.60,19995,0.602662,3.55808253296,319543,178788.5,104330.5,0.609477103,1.27194084,1.022245737,0.550300058,0.104070582,36,11,146,18,15,
71,27.029999999999998,21.52,19956,0.662881,2.83981621548,335745.75,227102.25,100033,0.993465837,0.171834795,0.957845627,0.566180768,0.150436158,57,3,163,23,17,
72,35.33,22.37,19953,0.752943,5.00785755844,474109,272035.5,6798.5,1.586413661,1.747555923,0.850402988,0.508178235,0.315246516,82,16,129,20,40,
73,34.29,21.42,19962,0.946416,6.17954922428,577862.5,312504.25,56049.24999999998,2.373829376,2.14056618,1.244641048,0.181802163,0.238634744,113,22,176,7,36,
74,33.589999999999996,23.93,19954,0.773757,5.52225262656,472109.75,253626.25,48021,1.482269137,2.361628749,0.750994069,0.692441761,0.23485701,87,20,110,23,33,
75,31.430000000000003,22.04,19951,0.681085,3.9721648578,400189.5,196622.49999999994,84273.00000000007,1.252986282,1.04650788,1.018013597,0.509242066,0.145360546,67,10,152,17,22,
76,30.45,25.66,19952,0.622847,4.05986291876,354548,157146.25,111152.75,0.923180964,1.454567712,0.644293429,0.851995716,0.18577527,37,17,88,25,25,
77,27.74,24.07,19951,0.67527,3.3069877655999997,327889.75000000006,237540.99999999988,109839.25000000006,0.672262698,0.951923172,0.502167311,0.839708985,0.340871578,36,10,77,26,39,
78,30.520000000000003,21.55,20038,0.648427,3.15954949516,366366.5,145030.25,137030.25,0.669216955,0.80828754,0.823499314,0.55228633,0.306207482,38,9,118,20,42,
79,36.57,26.70,19950,0.726852,5.98053540216,471458.5,209509.75,45883.75,1.637320191,2.660711016,0.575364243,0.86010248,0.246979324,81,24,63,30,29,
80,30.72,24.17,19963,0.892604,5.626612318319999,493372.5,345071,54160.5,1.96393077,1.980121752,0.619505418,0.818125268,0.244857702,101,20,82,22,35,
81,30.330000000000002,21.91,20036,1.00015,5.493267101,556232.5,338528.5,105389,1.789918746,2.025019608,0.897937026,0.402570243,0.377741466,90,22,117,15,53,
82,31.44,24.43,19952,0.689649,4.3610113229200005,404183.75,206773.25,78692,1.170608132,1.510916556,0.707285343,0.756174376,0.215971744,63,13,88,25,22,
83,28.549999999999997,23.80,19955,0.980896,5.10222099868,495541,333722.25,151632.75,1.31128515,2.108473068,0.405165554,0.763821815,0.51339694,57,21,64,22,65,
84,27.85,22.81,19952,0.946973,5.00965209484,480183.25,286338.25,180451.50000000003,1.773123971,1.560008775,0.80833185,0.620583419,0.247528322,88,15,96,22,42,
85,29.26,24.51,19992,0.689734,4.1610157577199995,360347.5,179044.75000000003,150341.74999999997,0.915080044,1.560898443,0.589554358,0.818198278,0.277229456,40,12,76,26,34,
86,37.66,25.34,20046,0.865648,6.95906030184,586385.7500000001,221045.4999999999,58216.74999999997,2.253225358,3.018607992,0.612363709,0.704477109,0.370316882,94,25,61,24,51,
87,33.19,22.11,19998,0.990603,5.61259575024,585256.5,316409,88937.5,2.056682682,1.875736116,0.666299481,0.554453631,0.459344592,88,21,82,19,61,
88,31.85,27.38,19954,0.701802,5.31228791316,408138.5,202841.75,90821.75,1.181475411,2.448249042,0.645464844,0.876020766,0.161021706,53,22,72,26,19,
89,33.040000000000006,23.19,19963,0.92839,5.235524875199999,546244,279677.25,102468.75,1.73155497,1.822340064,0.489754782,0.701548304,0.490252484,76,21,60,25,62,
90,30.34,24.71,19955,0.991822,6.07208659876,529765.5,307275,154781.5,2.004533825,2.391164388,0.695493516,0.595645938,0.385169586,83,21,69,16,45,
91,31.009999999999998,23.84,20023,0.89905,5.509322686,505787.25,236220.24999999997,157042.50000000003,1.624782042,2.20197984,0.702893106,0.608897676,0.370698098,65,18,79,19,40,
92,31.1,25.48,19952,0.696101,4.00638963108,380023.75000000006,149327.25,166749.99999999994,0.652106646,1.671775236,0.445038998,0.810247477,0.427165586,31,16,55,23,48,
93,36.34,27.40,19953,0.777377,6.32493296116,510637.75,222661.25,44078,2.371738737,2.266956549,0.506934415,1.012469486,0.166771584,91,25,50,31,22,
94,37.5,23.04,20002,1.03929,7.1530901691999995,666833,317018.5,55438.5,3.052690612,2.422553346,0.647768237,0.444215105,0.585779726,111,24,68,14,65,
95,31.75,26.25,19977,0.67969,4.7699052722,385998.75,198417.75,95273.5,1.064040664,2.016895086,0.449540967,1.023376606,0.215997574,48,17,54,24,23,
96,31.5,22.94,19973,0.986975,5.337713997,548331.75,318979.25,119664.00000000001,1.710451613,1.949353809,0.614423608,0.539291517,0.524114492,68,21,68,19,64,
97,33.14,22.71,19954,0.956481,5.44210347548,556645.5,274946,124889.5,1.535293462,2.229941292,0.561772754,0.537922407,0.577097042,65,18,61,16,70,
98,30.349999999999998,25.05,19956,0.819026,4.80253037908,431927.75,203286.25,183812,1.227978781,1.890992577,0.445699745,0.837995292,0.399798462,48,15,45,19,44,
99,27.99,24.29,19953,0.827475,4.01469385,414042.25,252303.75,161129,1.407647007,0.922185474,0.38971526,0.896630507,0.398449404,59,10,41,26,46,
100,29.94,24.16,19969,1.295939,7.64813631912,676550.25,484381.49999999994,135007.25000000006,3.314294463,2.649193041,0.477505619,0.830274967,0.376764554,119,25,59,26,48,
101,29.520000000000003,21.09,20050,1.42272,6.8666639376,728041,417078.75000000006,277600.24999999994,2.735504049,2.447035806,0.49415037,0.465705249,0.724154646,101,21,52,16,93,
102,27.85,24.25,19989,1.226823,6.67887448984,607611.25,385222.7499999999,233989.00000000012,2.625927661,2.367714999,0.465232875,0.777799803,0.442101006,91,23,49,22,57,
103,29.09,26.41,19969,0.844278,4.79347933524,448211,276182.5,119884.5,1.088080512,2.021595372,0.431295091,0.799730528,0.45271029,45,19,41,26,49,
104,29.82,22.27,19960,0.952183,4.27292331564,503279,277399,171505,1.179067555,1.410019512,0.230343929,0.748719311,0.704696834,46,14,27,21,72,
105,29.880000000000003,25.23,19984,0.953185,5.641366998800001,491368.5,294966.75,166849.75,1.623898093,2.331112389,0.369148005,0.850817641,0.466314616,62,21,35,19,51,
106,26.96,20.43,19967,1.092292,3.90326664036,520797,292103,279392,1.151276076,1.073359938,0.31540012,0.499027125,0.864115998,40,9,34,17,97,
107,34.21,26.74,20040,0.402885,3.1786424258,267833,128771.5,6280.5,0.870848905,0.61953678,0.80859615,0.862915526,0.016712834,55,9,134,26,3,
108,34.03,25.65,19952,0.426729,3.1049922383200004,265945.25,148728,12055.75,0.54419479,0.882845226,0.829178346,0.72198598,0.126753758,30,7,135,28,16,
109,32.73,24.20,19974,0.464118,3.27563414944,289515.25,130523.75,44079,0.884379702,0.717113943,1.104991054,0.539910345,0.029201976,57,5,185,19,4,
110,30.45,24.02,19953,0.533973,2.93797617284,303228.75,146614.25,84130,0.69349891,0.574043823,1.07313502,0.43830266,0.158953042,43,7,161,19,24,
111,30.39,24.07,19952,0.571425,3.643784467,324267.5,164715.75,82441.75,0.921418966,1.048205334,1.015163533,0.583015886,0.075935034,54,10,184,27,10,
112,28.060000000000002,25.19,19957,0.446985,2.6314159308000002,243502.5,113713,89769.5,0.670149951,0.281185632,0.832228733,0.80344472,0.044371136,43,4,144,24,7,
113,27.560000000000002,26.15,19973,0.388433,2.2081419206399997,209019.5,77346.75,102066.75,0.333336407,0.190166382,0.691282539,0.921774634,0.071550884,21,3,116,30,9,
114,34.21,26.72,19959,0.50887,3.9397988425999997,323961.00000000006,171218.49999999994,13690.5,1.184307026,1.069089852,0.55822074,1.003331353,0.124809162,61,10,96,34,17,
115,32.25,25.88,19952,0.547766,3.8676516062800004,332583.5,182204.25,32978.25,1.177608443,1.011962304,0.884979664,0.74386131,0.049196064,63,11,135,29,6,
116,35.870000000000005,27.74,19954,0.440046,3.7635476186799997,295140.5,107988,36917.5,0.876708555,1.203640998,0.640278535,0.909835727,0.1330486,45,10,102,31,16,
117,32.6,26.73,19974,0.603507,4.59055723056,370326.5,161176.5,72004,0.882795916,2.026147278,0.711682464,0.76594596,0.203937332,61,18,115,26,28,
118,28.84,26.14,19961,0.505352,2.95306922416,280743.5,141722.24999999994,82886.25000000004,0.65382903,0.619684932,0.803429395,0.755026557,0.121058882,37,7,124,28,15,
119,26.91,27.62,19993,0.505732,3.05766391456,258246.25000000003,100925.75000000006,146559.9999999999,0.230174475,1.142797515,0.693160482,0.841244562,0.150246422,17,9,98,29,20,
120,24.240000000000002,26.80,19995,0.50762,2.6116729606,239458.25,125445.25,142716.5,0.402604009,0.524545788,0.760055664,0.846451324,0.077975566,24,5,108,33,11,
121,33.19,30.67,19984,0.415378,3.47110887324,265932.25,145184,4261.75,0.956459097,0.823674954,0.500296257,1.125547593,0.065097742,38,11,62,32,9,
122,34.89,28.23,19954,0.70604,6.0666175192,445950.50000000006,236419.4999999999,23670.00000000002,2.051666139,2.329681044,0.545919011,0.975408268,0.163886574,92,23,81,32,25,
123,32.42,26.04,19953,0.60954,4.0319485942,365885.25,184194.75,59460,1.108725546,1.243814226,0.732859584,0.743275453,0.203225022,52,11,96,30,31,
124,32.92,26.21,19959,0.687794,5.0035758045200005,411582.5,195434.25,80777.24999999999,1.388206241,1.936850526,0.755722499,0.693190051,0.229551464,69,16,91,25,31,
125,28.32,27.32,19953,0.584865,3.5342039952,313672.25,175470.5,95722.25,0.737433239,1.114631181,0.649051361,0.863523377,0.169518048,44,12,82,30,27,
126,30.209999999999997,26.23,19957,0.504828,2.93393552924,282677.75,128501.5,93648.75,0.690034433,0.557820732,0.507132706,0.970572732,0.20833454,36,5,82,32,29,
127,26.419999999999998,27.81,19994,0.637241,3.58633233828,312726.75,134406.75,190107.5,0.806350199,1.094640171,0.627717198,0.844349033,0.213224758,38,11,92,31,25,
128,33.18,30.57,19953,0.728321,6.45120544368,443979,238683.25,45658.75,1.845808798,2.920859529,0.53272845,0.947390173,0.204360228,81,25,62,26,25,
129,34.94,29.52,19985,0.62729,5.2549511782,396004.5,177668,53617.5,1.046979505,2.519612295,0.427169093,0.95932685,0.301813252,49,23,51,29,35,
130,31.180000000000003,27.99,19960,0.68854,4.7836183492,388186,224072.75,76281.25,1.450532392,1.648671279,0.577707778,0.917353085,0.189298732,58,18,70,32,25,
131,31.169999999999998,27.48,19994,0.809932,5.6264106625600006,452576,244532,112824,1.431694609,2.514794445,0.734605519,0.618213171,0.327038124,59,21,90,24,34,
132,24.12,29.65,20000,0.676102,3.93240989116,312417.00000000006,209740.99999999994,153944,0.756957547,1.486084839,0.522893985,0.98644429,0.179975142,41,14,65,30,26,
133,28.470000000000002,28.92,19959,0.50089,2.8577636142,273061.25,117545.25,110283.5,0.555627148,0.61734288,0.550105864,0.936068389,0.198579262,26,6,59,29,21,
134,26.61,28.89,19958,0.626092,3.4297419063600003,307170.75,166100.24999999997,152821.00000000003,0.695701341,1.046887434,0.442488043,1.011377065,0.233237936,31,12,52,32,30,
135,36.54,29.12,19977,0.623616,5.4049110122799995,406679.25,210485.25,6451.5,1.585553987,2.13330732,0.509913763,0.909294007,0.266792046,57,17,53,25,29,
136,34.93,26.31,19965,0.809927,5.40745136516,509455.75,251088.5,49382.75,1.707520681,2.01323697,0.281536774,0.902154296,0.50293785,67,21,31,29,55,
137,33.17,28.27,19966,0.798186,5.99688983388,474712.5,208923.75,114549.75,1.751348208,2.560049604,0.423447298,0.889460745,0.372520124,69,23,46,25,47,
138,29.65,34.48,19955,0.569904,4.3785355383199995,307516.5,172291.24999999997,90096.25000000003,0.891953157,1.795006389,0.305563942,1.20195679,0.184009668,34,16,27,36,19,
139,26.840000000000003,29.94,20023,0.617986,3.73042451788,307550.25,173363.49999999994,137072.25000000006,0.530773763,1.5055095,0.339991781,1.050420525,0.30367951,23,12,41,31,40,
140,25.480000000000004,28.42,19953,0.85577,4.740887804600001,404872.25000000006,239441.25,211456.49999999994,1.374582391,1.68131247,0.452980004,0.92625067,0.305693808,47,16,55,33,38,
141,25.83,29.99,19974,0.749715,4.5071511312,355713,222209.75,171792.25,1.111583925,1.706288514,0.385981165,1.050497422,0.252740128,43,16,43,26,27,
142,35.27,30.07,19958,0.769003,6.86168275624,482365.5,226092.5,60545,1.785486813,3.38846385,0.360466298,0.997351945,0.32985233,71,25,41,32,43,
143,34.23,26.29,19976,0.887,5.887386489,544168,265238,77594,1.735977727,2.468159826,0.45937786,0.732381908,0.491418208,74,24,47,25,56,
144,30.759999999999998,26.55,19993,0.953046,6.04337454568,527534.75,294429.75,131081.5,1.77090132,2.589214599,0.492271581,0.68831918,0.502591622,70,21,50,27,64,
145,33.92,28.71,20036,0.640182,4.66806557656,383939.25,140090.5,116152.25,0.656509745,2.320458552,0.347376676,0.865249845,0.478419544,25,17,34,27,55,
146,28.660000000000004,31.77,19951,0.640537,4.67330685096,341050.5,173681.75,125804.75,1.079368676,1.902894396,0.287439181,1.188077743,0.215475612,40,15,31,31,24,
147,27.42,29.76,19998,0.645887,3.76049031896,328586,142066.25,175234.75,0.916374125,1.152106989,0.347577833,1.063186545,0.281193156,34,12,34,29,29,
148,24.62,30.21,19969,0.7392,3.98125909,340213.5,226672.75,172313.75,1.225797971,1.06348722,0.296054713,1.155681678,0.240178372,47,12,30,36,29,
149,32.46,30.43,19950,0.835791,6.21890470328,490677,316624.5,28489.500000000025,1.708436624,2.822259771,0.213778314,1.017528977,0.456834154,55,25,19,28,56,
150,37.24,28.30,19953,0.727373,5.47780937684,470276.25,203393,53703.75,1.428354539,2.363674101,0.256544946,0.901988087,0.527189514,49,24,22,23,58,
151,28.52,27.34,19951,0.870916,5.27969282528,452682.5,265475.25,152758.25000000003,1.171679139,2.422799103,0.327990448,0.898588706,0.458565756,41,21,35,27,61,
152,22.99,27.15,19984,1.208547,5.88036893876,499177.75,402958.5,306410.75,2.481552175,1.708276902,0.309635113,1.024124879,0.356683186,85,14,36,27,40,
153,30.85,30.41,19992,0.749956,5.42433744548,410642.25,209855,129458.75,1.854259435,1.875153717,0.244631605,1.194401124,0.255831568,65,18,24,33,30,
154,27.6,29.90,20010,0.772719,4.55257035552,388895.25,205937.74999999997,177886.00000000003,1.801126996,1.056505386,0.319177837,1.138601327,0.237096992,60,12,30,36,27,
155,24.060000000000002,30.24,19951,0.729295,3.6443428056,320656.5,183313.5,225325,0.940036739,1.01200962,0.181485959,1.194208976,0.316543168,28,11,21,34,39,
156,29.82,32.82,19955,0.478548,4.29661993384,268468.75,186339.25000000003,23739.999999999975,0.776412812,1.836881874,0.687847996,0.935220156,0.060218812,46,17,104,34,7,
157,33.44,31.21,19967,0.339616,3.2443954552800003,222258.25,95556.75,21801,0.421992652,1.140190797,0.780170933,0.87156468,0.030449224,26,9,123,27,5,
158,29.160000000000004,34.72,19951,0.398314,3.8177777861199997,219216,143846.5,35251.5,0.592084118,1.539139806,0.578978843,1.08297463,0.024568524,36,12,84,35,3,
159,26.43,29.50,19954,0.40002,2.7512001856,211322.25,110426.25,78271.5,0.561302323,0.511584681,0.900156281,0.770447107,0.007677792,37,3,145,32,1,
160,26.66,31.84,20011,0.368133,2.69806196064,197260,80691.5,90181.5,0.255767334,0.754314261,0.703720288,0.946152563,0.038078064,15,8,104,32,5,
161,28.360000000000003,29.99,19957,0.371013,2.5322717840399998,200595.00000000003,83940.49999999997,86477.5,0.421275745,0.430717443,0.811895622,0.814562549,0.053790744,20,5,133,29,8,
162,25.7,31.23,19950,0.349062,2.43154364496,179005.25,80650,89406.75,0.318498177,0.42752421,0.619112782,1.044311111,0.02206944,20,4,95,31,4,
163,34.68,32.31,19974,0.369135,3.6051665028000004,247360.25000000006,112984.99999999994,8789.749999999998,0.761668353,1.153392168,0.511150561,1.130085934,0.048839956,46,12,76,37,7,
164,35.08,33.75,19960,0.399933,4.315288429640001,266561.5,112754.25,20617.25,0.667804672,1.962738234,0.63720023,0.973383995,0.074129304,43,15,90,35,8,
165,32.76,34.11,19955,0.43466,4.2057876648,265245,123033.5,46381.5,0.391069468,2.129664705,0.560843966,0.978519645,0.145655108,26,17,83,34,17,
166,28.599999999999998,31.00,19951,0.360374,2.57867254792,206260.25,78880.75,75233,0.395703678,0.500069457,0.675313729,0.940945194,0.06661166,19,3,82,34,7,
167,25.169999999999998,35.86,20045,0.486044,3.81730872552,237292.5,153824,94927.5,0.838541512,1.282199397,0.497217417,1.160520206,0.03879131,38,12,63,35,6,
168,29.26,33.06,20044,0.452126,3.81872819708,250679.50000000003,99400.4999999999,102046.00000000007,0.50812863,1.620209664,0.669865332,0.906908755,0.113579646,20,11,91,34,16,
169,22.470000000000002,35.07,19961,0.568355,4.0797444934,240796.49999999994,183752.74999999994,143805.75000000012,0.504698249,1.889099865,0.586069813,1.01953273,0.080298368,26,15,81,31,8,
170,35.44,39.65,19956,0.31056,3.8003547988000004,211190,94396.5,4973.5,0.515199988,1.592504109,0.37148548,1.289342585,0.031797792,23,15,47,33,3,
171,30.7,31.19,19954,0.613536,5.28615553988,361443.25,201227.5,50865.25,1.397533344,2.207062308,0.722013849,0.860742708,0.098754248,78,19,94,32,14,
172,27.800000000000004,34.90,19955,0.511334,4.53597891672,281295.25,174684.25,55354.5,0.540442738,2.309651514,0.59520698,1.025833824,0.064802954,34,22,85,34,9,
173,25.979999999999997,32.42,19954,0.474089,3.35215714912,240541.25,167284.5,66263.25,0.702517223,0.961611549,0.511067035,1.107928277,0.068995138,41,10,77,35,10,
174,30.55,32.71,19951,0.461417,4.14531403736,258676.25,112514.75,90226,0.516594548,1.945379088,0.62520248,0.939455326,0.118645682,26,14,80,28,16,
175,21.959999999999997,37.26,19982,0.399252,2.8313078791599997,179368.75,116537,103346.25,0.183289768,0.958074711,0.550343656,1.113107088,0.026460716,9,9,70,33,4,
176,26.11,31.93,19953,0.430859,2.7576372647199996,217928.75,91156,121774.25,0.360614183,0.71298918,0.624164223,0.961413562,0.098421648,23,8,83,33,8,
177,35.67,37.49,19974,0.507159,6.0439580177200005,346223.75,147228,13707.25,1.04791968,3.307933734,0.553297103,1.05749033,0.077276598,50,27,57,37,10,
178,30.380000000000003,36.72,19959,0.4897,4.804016959,279632.75,182789.25,27278,0.758668689,2.352334665,0.329831884,1.270779779,0.092362766,35,22,41,38,12,
179,31.3,39.97,19951,0.531795,5.4404903406,316113.25,147952.75,67729,0.582994817,3.168456624,0.412774213,1.139001973,0.13722017,27,29,47,36,18,
180,26.56,39.67,19951,0.506022,4.590132977760001,260146.75,160133.25,85742,0.609923335,2.290460775,0.426619118,1.184153412,0.078935856,29,19,48,36,11,
181,29.48,34.06,19950,0.458313,2.89393031304,252303,127435,78575,0.155400651,1.049639379,0.304334935,1.089463191,0.295055492,10,11,31,36,33,
182,24.47,37.79,19950,0.363393,2.7904739104400003,177446.75,79847,106099.25,0.399187695,0.701572839,0.450745678,1.201999549,0.036939078,16,6,49,35,5,
183,23.07,36.03,19958,0.457314,2.78354757812,203087.25,117003.25,137223.5,0.468366968,0.623276289,0.360903839,1.233877065,0.097086832,21,6,41,36,11,
184,34.410000000000004,40.18,19971,0.787152,9.45131965316,494380.25,270619.25,22152.5,1.277155495,6.483850899,0.342136567,1.092847964,0.255265756,59,52,35,34,31,
185,32.269999999999996,42.73,19955,0.818008,9.60966849864,473715.5,299563.75,44728.75,1.17116741,6.748279638,0.314727576,1.145441766,0.229986668,44,51,33,36,26,
186,31.66,37.37,19965,0.607571,5.78116402568,344311.75,203707.25,59552,0.51001509,3.581817303,0.348371044,1.062544123,0.27836786,23,28,43,35,32,
187,32.029999999999994,44.38,19980,0.48762,5.811960587600001,293889,126500.75,67230.25,0.530929921,3.587255238,0.337741073,1.237880686,0.11811466,20,33,34,28,13,
188,28.48,35.53,19952,0.734407,6.04062937956,385980.5,224141,124285.5,1.323059138,3.031015923,0.450994335,1.019026621,0.21647461,53,26,50,35,25,
189,24.05,39.54,19955,0.450924,3.23694095792,209141.75,100193.75,141588.5,0.487016964,1.055943909,0.271796351,1.322679718,0.099467942,18,11,23,42,12,
190,23.18,39.66,19950,0.579699,4.48385624692,261531,164660.75,153507.25,0.711261135,2.081351901,0.373016638,1.248257925,0.069922272,27,21,42,30,6,
191,33.019999999999996,41.12,19956,0.641777,6.79662280016,385564.5000000001,224413.2499999999,31799.24999999997,1.209811532,3.893277351,0.220804002,1.270382947,0.202295626,47,36,22,35,19,
192,38.53,46.75,19963,0.691132,10.586445270559999,477332.25,167858,45941.75,0.846307545,8.049143886,0.302804813,1.14023518,0.247898556,34,58,31,34,30,
193,33.7,40.20,19965,0.744285,8.0298605468,449147.75,228488.75,66648.5,1.067780324,5.269682145,0.180165144,1.150667215,0.361506176,41,41,17,31,49,
194,28.749999999999996,48.89,19952,0.425042,5.04437285336,233194.75000000006,95504.5,96342.74999999994,0.30272634,3.045987684,0.227645337,1.401901349,0.06607814,11,22,20,36,8,
195,28.1,38.24,19986,0.650793,5.42879676644,333626,189757.25,127409.75,0.757321663,2.977047582,0.224131878,1.190911788,0.279331792,28,23,22,34,37,
196,29.25,41.46,19979,0.703524,6.65996126392,368179,168620,166725,0.410335264,4.555464993,0.182778227,1.184559902,0.326766596,15,38,21,33,40,
197,28.01,34.61,19953,0.783073,5.98664620284,407941.75,185806.25,189325,0.798756578,3.500072907,0.315438834,1.011689676,0.360625562,31,25,33,34,51,
198,34.660000000000004,39.65,19951,0.604097,6.46608503776,388696,210723.25,4677.75,0.597864083,4.175878383,0.180758075,1.215144379,0.29639179,25,39,15,34,37,
199,36.76,39.39,19970,0.686348,7.81393742884,449168,190468.5,46711.5,0.607438964,5.511553119,0.121517051,1.227866155,0.345507232,24,46,12,34,44,
200,29.79,40.98,19954,0.82353,8.0882279164,439617,289998.5,93914.49999999999,0.929237636,5.467951773,0.230385183,1.161538236,0.299049206,40,44,23,34,29,
201,29.409999999999997,44.37,20038,0.512099,5.67822219392,278545.00000000006,136559.99999999988,96994.00000000004,0.655427601,3.320712387,0.24897331,1.372843812,0.080224116,27,25,23,35,11,
202,26.71,45.84,19958,0.902465,9.3805222772,437721.5,307903.5,156840,1.034016887,6.653585715,0.294525481,1.266469077,0.13185292,35,51,25,38,12,
203,25.83,39.06,19957,0.768852,5.85247166216,370756.5,254159.75,143935.75,0.851207204,3.308456073,0.192430821,1.212452828,0.287863228,32,29,19,37,33,
204,24.72,45.25,19956,0.56992,4.895397908600001,259387.24999999997,123733.24999999994,186799.50000000006,0.421627968,2.777849925,0.169500867,1.362786161,0.163587394,13,17,15,39,18,
205,35.199999999999996,37.72,19958,0.274307,3.45298352556,186242.25,81108.25,6956.5,0.495810258,1.266921741,0.4647321,1.196293908,0.029203574,36,9,74,37,4,
206,31.64,33.65,19973,0.390235,3.5673797388,239465,114795.5,35974.5,0.82725835,1.058028561,0.78558437,0.847729871,0.048747368,50,12,124,34,6,
207,27.66,35.01,20007,0.358253,3.0615401032399996,194122,107668.99999999997,56462.00000000003,0.452140041,0.922551618,0.727453953,0.926171359,0.033194472,26,7,109,33,4,
208,30.470000000000002,36.36,19974,0.359961,3.83786946788,214219.5,91179.75,54561.75,0.447676148,1.706049156,0.720095326,0.928135517,0.035884524,30,11,106,32,4,
209,23.380000000000003,33.24,19958,0.468744,3.10806902152,216168,156659,95917,0.563474173,0.868127184,0.938035682,0.698149669,0.040244814,31,7,121,25,4,
210,24.63,35.77,19957,0.355796,2.56686430668,178671.00000000003,90484.50000000001,86640.49999999996,0.229415462,0.655028046,0.714634645,0.911771154,0.055986536,17,5,96,30,8,
211,21.42,39.19,19980,0.292695,2.1956843986,133812.25,119285,39597.75,0.248033467,0.25358016,0.40735342,1.278152256,0.00854168,13,2,62,34,2,
212,32.42,39.63,19954,0.385154,4.544063717319999,246191.75,130938,8024.25,0.90448349,1.951493694,0.537289308,1.135660651,0.015105762,48,18,67,38,3,
213,29.25,39.92,19959,0.360185,3.8193747118,205932,124270.75,29982.25,0.622337922,1.505931144,0.439026348,1.223871195,0.028179288,28,12,58,41,4,
214,30.9,40.79,19953,0.373606,4.50642470748,223665.50000000003,89456.5,60483.99999999998,0.621356358,2.198853723,0.600752937,1.075907321,0.00952448,35,18,76,34,2,
215,23.26,37.63,19982,0.378796,2.8600332366799996,174253.5,134262.75,70279.75,0.347637897,0.823093182,0.568247457,1.092537965,0.028486432,24,7,74,34,3,
216,23.599999999999998,38.63,19954,0.386236,2.79682433988,178913.25,116152.5,91170.25,0.413490074,0.696818298,0.561881835,1.074623994,0.04997924,23,7,63,36,6,
217,23.400000000000002,37.04,19960,0.36675,2.466045264,172192.25,92273.75,102284,0.355256411,0.423736728,0.571755158,1.072523963,0.042743664,20,5,71,37,5,
218,23.3,39.96,20030,0.370984,2.84918946172,171255,63870.25,135858.75,0.397927117,0.758293206,0.568197063,1.083820281,0.040922116,20,5,60,36,6,
219,29.89,44.23,19957,0.349482,3.98900754656,206513.74999999997,122351,20617.250000000022,0.314236925,1.981855311,0.347497331,1.289359469,0.056030552,15,15,39,41,8,
220,29.709999999999997,41.68,19984,0.3822,4.17513046,217499,133182.75,31518.25,0.767785764,1.714644771,0.449757868,1.212740695,0.030170786,35,16,52,34,3,
221,30.009999999999998,43.58,19958,0.456688,5.25049318704,265525,136642,54521,0.85032391,2.710814694,0.481619015,1.162402657,0.045296376,39,24,54,36,6,
222,30.580000000000002,42.85,19981,0.5488,6.344722041,322179.5,161502.24999999997,65118.25000000002,1.167354187,3.485435046,0.422080176,1.174898308,0.09491042,49,30,53,35,10,
223,25.64,41.87,19950,0.47104,4.2724766681999995,233747.25,139321,97971.75,0.633734345,1.948222176,0.38198029,1.21830413,0.090198044,25,19,48,32,13,
224,25.259999999999998,39.97,19992,0.484372,4.29150701176,229901.5,127984,126486.5,0.672435623,1.928393988,0.520062001,1.106133264,0.064443386,28,13,53,35,8,
225,23.73,43.10,19950,0.416445,3.7070389836,192801.5,70837.75,152805.75,0.391475885,1.622974005,0.323387565,1.297374527,0.071793686,21,11,41,36,7,
226,34.14,44.25,19955,0.465228,6.31143690724,295785.5,161150.75,8291.75,1.057310878,3.565333788,0.443962302,1.145095593,0.099697128,47,28,49,35,12,
227,32.96,44.15,19974,0.597246,7.51354723668,352305,204507.75,40433.25,0.587567823,5.235618735,0.390865719,1.108416666,0.191030514,31,37,35,36,25,
228,31.34,46.66,19954,0.514476,6.81264042708,302080.25,134059.75,78336,0.488897427,4.634538687,0.424399273,1.14500973,0.119754152,22,31,46,37,16,
229,23.84,45.56,19983,0.351203,2.79000504924,170333.5,111255.5,69614,0.170766369,0.921992415,0.236305647,1.359043804,0.101868718,6,8,25,44,13,
230,27.139999999999997,46.23,19966,0.554955,6.3170557463999994,289268.75,151717.75000000012,113968.4999999999,0.708725362,3.91639518,0.414890666,1.228526524,0.048473618,33,33,51,40,7,
231,26.58,48.20,19996,0.382162,3.62535262396,203044.5,109911,69206.5,0.075665547,1.853050959,0.272447451,1.287341402,0.136816692,3,16,25,38,16,
232,22.23,43.40,19965,0.427464,3.31633531412,189763.25,80433.25,157267.5,0.289747789,1.335007866,0.405296821,1.222426297,0.063822344,15,14,41,36,9,
233,30.5,51.82,19958,0.487091,6.18100070728,285519.25,184102.25,17469.5,0.697264631,3.787532451,0.219381322,1.402601856,0.07418148,24,34,20,36,8,
234,29.770000000000003,51.27,19964,0.42699,5.9145139362,239774.5,143746.75,43468.75,0.668229839,3.549707856,0.259550008,1.413224722,0.023767352,24,23,23,41,4,
235,29.770000000000003,56.62,20001,0.501868,6.67757992344,276519.75000000006,159818.99999999994,65529.25,0.213512321,4.762048173,0.094509008,1.461597402,0.14587287,10,35,12,38,14,
236,25.64,49.34,19955,0.300049,2.97073064892,153769.5,68578.5,77701,0.187665543,1.085705859,0.168582644,1.457346341,0.071406258,8,8,16,42,8,
237,30.9,47.86,19991,0.774151,10.06730738108,440793.5,200588.75,132768.75,1.314595327,7.056852882,0.270314632,1.259312948,0.16616966,46,51,32,40,21,
238,27.97,42.57,19964,0.552669,4.719479537520001,273656.25,117789,161223.75,0.122414163,2.907156882,0.262144458,1.087115307,0.340604514,5,19,21,34,36,
239,21.87,46.95,19957,0.44501,3.7599752258000003,193138.75,100275.5,151595.75,0.419541323,1.647643737,0.35164489,1.297746769,0.043362906,18,14,29,35,6,
240,35.52,55.32,19970,0.432564,7.06956607212,289853,139648.5,3062.5,0.603981145,4.767272181,0.171170664,1.446842401,0.080265076,26,39,15,35,10,
241,37.14,57.78,20002,0.748656,13.26298451748,488108.25,217086,43461.75,0.631805195,10.933648392,0.209924294,1.282219178,0.205327566,22,78,17,34,23,
242,32.26,51.78,19967,0.776283,10.65883847964,439901.5,248214.5,88167,0.725371941,8.239134984,0.152100392,1.23519378,0.30697528,22,54,15,38,37,
243,31.47,52.93,20005,0.771618,11.07820927044,445639.5000000001,214163.74999999988,111814.75000000001,0.738518273,8.643081702,0.265189085,1.236200823,0.195157658,27,61,28,38,27,
244,27.02,44.78,19952,1.16415,12.255879834,567919.75,377703.24999999994,218527.00000000006,1.946613073,8.618634468,0.259608841,1.162920874,0.268009446,75,63,23,34,32,
245,30.930000000000003,45.32,19977,0.691897,7.43262446976,392913.25,142784,156199.75,0.486131847,5.252087514,0.182717643,1.20569379,0.305938324,17,43,20,37,38,
246,20.49,50.20,20002,0.555865,5.1529259812,227028.00000000003,143395.9999999999,185441.0000000001,0.513401593,2.939501484,0.255346349,1.42728557,0.017346516,21,21,25,37,2,
247,37.28,57.03,19964,0.505325,8.759840456,346064.5,147108.5,12152,0.600534729,6.462533376,0.178134859,1.393716234,0.124880832,19,46,13,33,15,
248,35.63,48.74,20019,0.598192,7.58724764836,387941.75,166639.5,43610.75,0.342423394,5.54700843,0.161285984,1.199219257,0.337262728,16,48,11,37,37,
249,28.83,56.11,19955,0.660195,9.1579319906,347768.25,232452.25,79974.5,0.476287896,6.985307619,0.173457297,1.406984751,0.115841612,20,48,14,38,13,
250,30.990000000000002,56.74,19983,0.82161,12.6582603318,460300.75,256160.49999999997,105148.75000000003,0.833610211,10.128415452,0.267005754,1.306288132,0.122875054,30,66,24,38,15,
251,23.84,56.36,19999,0.97663,10.709789516399999,419460,318037,239133.00000000003,1.07392875,7.93424343,0.084314521,1.450476571,0.166748114,34,58,8,34,20,
252,23.799999999999997,58.98,19955,0.840097,9.69670008476,371510.75,291022.5,177563.75,0.647289209,7.351633332,0.128853045,1.455796153,0.113061138,22,54,11,41,12,
253,24.98,47.12,19970,0.597016,5.63814700628,281970.25,132895.25,182150.5,0.654275667,3.286879836,0.158626073,1.368449861,0.169867808,22,25,14,36,22,
254,32.84,35.97,19968,0.367021,3.75694376068,229197.75,123372.75,14450.499999999998,0.893909988,1.18679367,0.953765079,0.662543592,0.05990207,43,8,124,25,8,
255,30.919999999999998,38.90,19953,0.304655,3.1715483634,193486,79887.5,31281.5,0.558196095,0.927150144,0.589560159,1.068862157,0.027755436,34,9,86,35,4,
256,30.669999999999998,40.00,19951,0.446381,5.19408573348,266546.75000000006,130278.74999999994,49555.50000000001,0.772762487,2.742671457,0.831073434,0.800188485,0.04735416,47,22,106,27,6,
257,28.4,41.87,19957,0.339707,3.75736836956,192930.5,94399.75,52376.75,0.487347561,1.581756387,0.527748135,1.134862776,0.025626334,30,11,73,38,5,
258,24.72,38.71,19953,0.350571,2.58413962068,171164.25,87618,91788.75,0.236782733,0.664390461,0.67394755,0.944989361,0.06400147,13,6,82,33,9,
259,25.14,41.60,19952,0.340636,3.22231597588,171259.25,92090,77286.75,0.258084326,1.281655458,0.702800795,0.949266434,0.030481712,14,10,85,31,4,
260,21.83,41.66,19966,0.359702,2.93085003316,164674,98978.75,96049.25,0.366740785,0.878268141,0.648747529,1.031481322,0.00558348,20,8,85,32,1,
261,37.769999999999996,44.79,20000,0.306383,4.66927070064,218087.75,84978.25,3317,0.524508311,2.449410768,0.356852514,1.243410817,0.09506378,25,16,49,35,11,
262,27.67,47.77,19952,0.355218,4.53786857044,196810.5,138991,19416.5,0.511424006,2.340419802,0.597876086,1.088120259,0,23,18,71,30,0,
263,27.339999999999996,40.93,19953,0.368142,3.39399827536,194850.25,111665.5,61626.25,0.528510738,1.179245628,0.549607131,1.064367737,0.07223759,27,12,72,30,8,
264,24.34,41.57,19954,0.28539,2.2328763632,140294.00000000003,79042.24999999997,66053.75,0.195855965,0.347680146,0.456649053,1.17777196,0.054896408,10,4,60,36,6,
265,22.37,40.87,19955,0.362592,2.76006491636,162436.25,106764.5,93391.25,0.285513618,0.785741703,0.462271715,1.153223837,0.073285036,16,6,59,30,8,
266,22.3,44.63,19965,0.285924,2.45545098592,135246.75,91594.25,59083,0.263769585,0.500847768,0.471412318,1.212331497,0.007066944,11,4,58,37,1,
267,24.060000000000002,43.99,19955,0.316192,2.79707958936,148911.50000000012,80789.49999999993,86490.99999999996,0.217670141,0.891107022,0.49457301,1.138223667,0.055480454,11,7,63,33,7,
268,33.6,51.57,19961,0.40449,6.6054160591999995,256690.25,141274.75,6525,0.5968724,4.318299933,0.449319299,1.189502928,0.05138914,30,31,48,34,6,
269,29.32,46.70,19969,0.447251,5.57661544608,260625.5,128810.5,57815,0.55182354,3.333554496,0.415083737,1.185441673,0.09067622,29,26,61,40,12,
270,23.71,49.38,19998,0.357622,3.47303578676,174970.75,139907,42744.25,0.378216565,1.397371758,0.303388101,1.339701965,0.054328788,21,11,33,43,7,
271,26.68,43.41,19954,0.349703,3.79774778524,190435.75,96077.75,63189.5,0.362959435,1.745066133,0.46676521,1.197073103,0.025855928,21,13,63,34,5,
272,23.84,46.11,19983,0.361606,3.36488346548,172274.75,93343.25,95988,0.29083334,1.380431844,0.401437006,1.251441687,0.04071066,13,12,50,36,4,
273,25.45,44.81,19956,0.308625,2.544406741,161789.75,77427.5,69407.75,0.203722056,0.646996836,0.285368396,1.310164015,0.098130748,10,6,38,43,14,
274,22.13,51.82,19961,0.485028,5.160266378239999,211125.25,105522.5,168380.25,0.353796429,3.116284077,0.470035736,1.19754816,0.022563174,18,25,51,35,3,
275,32.45,47.73,19952,0.582819,8.04197656352,358989.25,180800.75,43029,1.00805981,5.348229231,0.521215302,1.022446967,0.141978628,44,40,56,35,18,
276,32.71,54.48,19966,0.431241,6.543438410279999,269787.75,134615.75,26837.5,0.589314122,4.258499484,0.260601875,1.35879873,0.0761897,25,35,26,38,11,
277,31.46,53.70,19955,0.587515,8.996923074200001,351546.5,156790.75000000003,79177.74999999997,0.712934666,6.595941483,0.468712007,1.114618021,0.104669896,28,44,42,37,17,
278,24.959999999999997,54.64,19950,0.459558,5.35631303364,222999.5,136904.5,99654.00000000001,0.557380113,3.101576937,0.188441071,1.482858644,0.026019504,23,25,18,46,3,
279,29.86,51.11,19957,0.536747,7.03641694276,300237,135565.49999999997,100944.50000000003,1.142964313,4.198601925,0.248977874,1.358429209,0.087400682,47,35,29,37,8,
280,24.68,54.03,19970,0.460666,5.12277925328,225314.49999999997,85433.25000000003,149918.25,0.324040104,3.104782506,0.332613043,1.290213277,0.07109347,15,26,33,38,11,
281,20.86,56.81,19961,0.321733,2.90306321964,141794.5,107761.5,72177,0.129105648,1.075362915,0.158669105,1.492775725,0.047124088,7,10,15,40,5,
282,32.5,52.30,20050,0.623424,9.174834626920001,376495.75,230356.25,16572,1.187851785,6.284137836,0.233185472,1.352003434,0.117606226,51,47,21,42,17,
283,23.169999999999998,58.03,19956,0.443622,5.04455219976,205487,175236,62899.000000000015,0.168760317,3.181547988,0.292858928,1.350588625,0.050760852,9,26,25,37,7,
284,27.48,50.66,19959,0.586194,6.7361030175200005,301604.75,178939.5,105649.75,0.777024396,4.265887947,0.288781497,1.272991292,0.13137099,27,30,27,41,18,
285,31.53,55.52,19957,0.486847,6.835233548760001,283696.5,98720.75,104429.75,0.390840523,4.748618676,0.151362283,1.359394585,0.184978534,18,32,14,39,23,
286,21.33,61.83,20025,0.437325,4.805565945,183683,131152,122490,0.137632165,2.964264231,0.170537249,1.481229356,0.051867958,5,19,14,43,5,
287,24.85,54.58,19964,0.376957,4.17183364956,180557,71839.25,124560.75,0.184787668,2.28840633,0.119660864,1.468591161,0.11035747,8,13,11,41,15,
288,23.23,56.94,20018,0.543422,5.86004092076,237883.25000000003,74653.74999999985,230885.00000000015,0.125741802,4.035091719,0.230486274,1.317536576,0.151141076,7,26,19,35,16,
289,35.65,66.48,19953,0.700785,14.1295482588,452465,238610,9710.000000000013,0.539028875,11.893228392,0.130798681,1.442297948,0.1241383,20,73,13,40,16,
290,34.449999999999996,59.01,19961,0.50596,8.9723100968,317476.25,164787.5,23696.25,0.482001753,6.79297404,0.176070735,1.438688018,0.082535074,20,44,14,36,11,
291,31.44,56.99,19977,0.534709,7.72878332572,316186.25,155599.5,62923.25,0.490069576,5.541522363,0.193603318,1.364156708,0.139388584,16,44,14,38,19,
292,24.64,55.01,19958,0.343612,3.33936349496,165469.25000000006,84117.99999999996,94024.74999999999,0.234876012,1.408258188,0.196196253,1.406927171,0.093078382,10,12,15,37,8,
293,24.41,54.38,19964,0.732942,8.45996830336,333792,236583.25,162566.75,0.672554705,6.092844939,0.253940748,1.304070084,0.136499192,26,40,21,40,19,
294,28.060000000000002,59.90,19978,0.70301,9.386982804799999,354183.25,182594.74999999997,166232.00000000003,0.242518219,7.449617715,0.198240588,1.244695444,0.251854598,8,47,18,34,28,
295,23.14,55.75,19952,0.630706,6.56010554248,287119.25,138890.25,204696.5,0.314152796,4.550174316,0.153491681,1.375253515,0.166982778,11,31,12,37,25,
296,37.419999999999995,67.58,19988,0.679799,13.64848474492,463657.00000000006,189279.24999999994,26862.749999999993,0.536875215,11.412126567,0.113208244,1.394304865,0.19191547,16,79,10,39,21,
297,31.55,65.86,19967,0.725693,12.31418198844,428925.5,238050.25,58717.25,0.65114378,9.964818393,0.125694722,1.433469668,0.13899737,21,72,9,40,17,
298,31.22,61.37,19963,0.712718,10.50834895244,408237.75,207834.25,96646,0.727594351,8.086203249,0.176747896,1.285701419,0.23204502,21,62,13,35,24,
299,28.26,68.92,19991,0.702598,10.95443069684,367616,230036.9999999999,104945.00000000009,0.558693663,8.69373945,0.082140244,1.504049748,0.115751384,16,61,7,38,11,
300,29.99,60.70,19950,0.552288,7.90836316604,305976,115063.5,131248.5,0.438383334,5.775820284,0.206928807,1.334692812,0.152493746,15,42,14,35,16,
301,22.35,52.46,19964,0.601276,5.63908457608,247508.75,158275,195492.25,0.225896313,3.717758058,0.198716901,1.333605314,0.163059888,8,23,18,36,19,
302,21.349999999999998,56.01,19951,0.440925,3.89783843,185135,61354.75,194435.25,0.246386084,1.953555711,0.119397038,1.482495545,0.095968778,10,16,9,40,10,
303,30.669999999999998,46.33,19968,0.304304,4.102037209320001,182357.5,102180,19766.5,0.686052927,1.724051076,0.43366316,1.240835022,0.01741068,39,11,58,37,2,
304,30.98,44.46,20008,0.275661,3.2408615748800003,168246.75,89086.5,18327.75,0.543401952,1.00850583,0.646959268,1.018517812,0.02345466,27,9,71,31,3,
305,25.86,47.99,19958,0.309742,3.79150750936,164267.50000000006,102217.99999999993,43256.500000000015,0.179326203,1.926748806,0.633227832,1.042041473,0.010138416,11,16,89,30,1,
306,24.62,41.23,19955,0.366305,3.3620885634,183062.25,102596.5,80646.25,0.587129958,1.094502792,0.798750326,0.872697417,0.008978766,31,8,96,29,1,
307,25.259999999999998,47.05,19968,0.298237,3.22585069896,154237.00000000003,100780.25,43219.74999999997,0.135938257,1.399257798,0.461888873,1.192738588,0.036003324,9,10,63,38,5,
308,24.740000000000002,41.23,19957,0.361152,3.31502040216,174974.25,82806.5,103371.25,0.216025811,1.42120509,0.891229468,0.766050561,0.02048058,11,12,110,26,3,
309,23.62,43.05,19954,0.307366,2.65300028628,145201.75000000006,99894.49999999991,62269.75000000002,0.324114206,0.64042122,0.502469323,1.153941488,0.03202946,14,5,77,35,5,
310,32.6,47.77,19955,0.327728,4.68044805724,203575,112744.25,11408.75,0.53389892,2.459160546,0.533427847,1.106943246,0.04699128,28,18,68,36,7,
311,31.96,51.41,19959,0.235266,3.4459064882800003,150691.25,68758.5,15816.25,0.441073415,1.311612759,0.351218793,1.322685764,0.019296936,20,8,38,34,2,
312,30.990000000000002,49.08,19958,0.305472,4.27950777476,181611.5,77255.75,46604.75,0.488993365,2.099767434,0.428538361,1.224406415,0.037777762,25,12,49,37,5,
313,24.29,50.60,19954,0.287803,3.1768555952399997,143810.75,66896.25,77096,0.195143544,1.289960535,0.39490709,1.278771848,0.018049554,10,10,46,35,3,
314,25.71,44.69,19975,0.38676,4.0818138178000005,196607.75,103576,86576.25,0.645657705,1.751023968,0.690278694,0.97918255,0.01563996,26,11,76,30,2,
315,22.42,48.70,19955,0.436912,4.69789315396,195314.24999999997,109276.74999999997,132321.00000000006,0.41096654,2.599814418,0.566656459,1.106211344,0.01420944,18,17,69,32,2,
316,22.56,44.81,19950,0.389623,3.34760315384,169796.75,79890,139936.25,0.455781196,1.205594772,0.566864453,1.084626571,0.034704992,22,9,62,34,5,
317,34.12,55.66,19960,0.409219,7.221571407520001,263845,128698.75,16675.25,0.73296429,4.794981519,0.31064158,1.314303047,0.068648234,33,31,40,39,9,
318,31.269999999999996,58.48,19963,0.525686,8.91894369788,305610.5,173838.5,46237,0.679341528,6.548991177,0.430148086,1.199240802,0.06118005,30,46,45,34,8,
319,27.229999999999997,53.47,19952,0.4573,5.976723753,246235.75,158701.5,52362.75,0.866759359,3.42007959,0.444800663,1.218331693,0.026715864,40,28,45,34,3,
320,25.46,55.17,19992,0.281092,3.32941490036,143214.75,74070.75,63806.5,0.176201235,1.455903021,0.303201332,1.363356001,0.030730824,12,13,29,36,4,
321,25.77,55.01,19970,0.507233,6.77480252264,257493,149372.25,100367.75,0.525650769,4.558747794,0.465927492,1.174272691,0.050163198,21,33,53,36,8,
322,26.5,51.65,19953,0.330106,3.36890767448,165793.75,95711.25,68601,0.145906268,1.529477298,0.256494523,1.315760463,0.121242714,6,13,30,39,12,
323,21.37,47.12,19974,0.371101,3.1207585610799997,160281,103751.25,107068.75,0.390808597,1.039810206,0.505764947,1.161190135,0.023154988,17,10,52,33,3,
324,35.199999999999996,61.97,19960,0.327206,6.13805238248,223489.50000000003,85199.99999999997,18516.5,0.434324789,4.007629107,0.236564053,1.411431657,0.0480766,21,31,23,38,5,
325,30.44,59.42,19972,0.309673,4.9297911048400005,193053,89752.75,26867.25,0.530852898,2.701582635,0.24675247,1.42814677,0.022431558,22,20,23,37,3,
326,26.900000000000002,58.36,19953,0.369548,5.01294799184,198752.24999999997,119966.49999999997,50829.25000000005,0.343284578,2.973926799,0.230048429,1.416099764,0.049558858,17,24,28,40,5,
327,25.72,58.50,20018,0.579722,7.71073345976,286115,191021.75,102585.25,0.809438858,5.201607048,0.285262813,1.361127927,0.053250436,34,37,26,39,7,
328,24.65,53.73,20033,0.384033,4.13576454364,184097.5,100752.75,99182.75,0.368717572,2.065701573,0.243239102,1.365636292,0.092439282,15,15,28,37,10,
329,25.89,55.79,19965,0.668178,8.48936277224,323448,185164.25,159565.75,0.445314888,6.355624929,0.426714921,1.079018344,0.182636236,19,41,40,31,23,
330,20.93,52.10,19963,0.455778,3.9466293752399997,185740,127092.75,142945.25,0.266829352,1.983951525,0.212082131,1.366507539,0.117222366,11,15,25,37,14,
331,33.33,70.14,19992,0.844719,17.57616530952,534984,285826.75,23908.25,1.020522933,14.864669298,0.496013505,1.122853732,0.072038264,41,102,42,30,8,
332,30.680000000000003,59.92,19975,0.503451,7.24144053508,287794.5,186654,29002.5,0.642146882,4.900425972,0.105771627,1.420572206,0.172483572,18,34,11,38,21,
333,30.28,65.82,19951,0.560008,9.255992169639999,320572.25,151464.75,87971,0.636063522,6.924364719,0.201631835,1.393172259,0.100715034,22,48,18,42,13,
334,25.81,60.25,20016,0.388276,5.12693896108,196341.25,102913.5,89021.25,0.270387332,3.154571487,0.199231656,1.448425846,0.054291578,11,21,17,39,8,
335,19.39,60.24,19971,0.511523,4.89237391584,188908.75,176246.75,146367.5,0.255391921,2.936762292,0.108671288,1.506652621,0.084854872,11,18,8,42,13,
336,24.560000000000002,57.36,19951,0.462731,4.87436891548,208955.75,101011.75,152763.5,0.146445227,3.034317546,0.203594672,1.311076086,0.178898366,6,19,14,34,18,
337,19.73,57.99,19955,0.475202,4.38915916916,182317.75000000003,117459.24999999994,175425.00000000006,0.182909168,2.512606857,0.270004568,1.324182596,0.099417964,7,18,23,32,12,
338,36.94,69.35,19991,0.379356,7.672746151479999,268640.75000000006,88371.49999999997,22343.749999999964,0.573892053,5.397434583,0.107234163,1.499136786,0.095018218,20,39,9,39,8,
339,31.130000000000003,64.46,19956,0.505827,8.67888174516,303477,164695.5,37654.5,0.794106529,6.188224302,0.200711928,1.434712056,0.061086464,29,46,19,36,7,
340,33.94,68.97,19951,0.744323,14.67785112984,469921,200417.5,73984.5,0.730437633,12.253864518,0.230374905,1.312036514,0.151078014,27,87,21,36,19,
341,30.620000000000005,58.29,19954,0.566572,8.30381887176,325131.25,153154.99999999994,88285.75000000004,0.697665667,5.912334246,0.234478464,1.313212663,0.146082506,29,44,15,32,19,
342,27.97,65.01,19953,0.779346,12.25525998768,396708,235629.99999999997,147008.00000000003,0.498727793,10.062749433,0.207794153,1.300433707,0.185492554,17,60,21,34,23,
343,22.14,62.34,19951,0.48602,5.4188955406,205744,119092.25,161183.75,0.390670066,3.330567216,0.126548126,1.479152835,0.091918416,14,22,10,39,12,
344,21.6,61.58,19968,0.530912,5.86107097096,219311.50000000003,134217.99999999994,177382.50000000006,0.166076464,3.997880022,0.193333498,1.407228602,0.096509912,7,25,15,36,12,
345,34.23,73.31,19958,0.736241,15.051745978280001,473661.0000000001,230846.49999999988,31733.5,0.892058825,12.46202361,0.127949128,1.44501204,0.124643476,31,89,12,39,12,
346,32.48,66.56,20045,0.623223,10.63736922884,371788.25,198986.75,52448.000000000015,0.462268981,8.470493307,0.090113584,1.411619279,0.20282422,17,58,9,36,23,
347,29.330000000000002,72.66,19978,0.773231,14.14449654648,416300.25,267097,89833.75,0.334588819,12.113583711,0.238599818,1.346487606,0.111174734,16,75,17,36,15,
348,30.04,65.18,19960,0.941108,15.68669844364,505360.5,310054,125693.5,0.845038262,13.148830398,0.240252791,1.231417736,0.221083968,31,78,19,34,30,
349,28.110000000000003,65.11,19950,0.73874,10.9666837412,379669.25,214819.25,144251.5,0.816476764,8.458175238,0.262651479,1.261074955,0.168246206,25,59,18,33,16,
350,29.23,69.53,19958,0.971185,15.1188616328,520975.75,288749.25,161460,0.634458109,12.791683035,0.181973973,1.223843459,0.286825362,22,100,16,32,27,
351,30.12,65.77,19970,1.094591,18.55627912728,589642.25,315607.5,189341.25,1.023886659,15.83755626,0.141632938,1.258776379,0.294339324,34,94,11,33,40,
